home_id,actual_cycle_days,predicted_cycle_days
home_000268,205.0,212.0450754636101
home_003918,173.0,187.74359117484332
home_002231,219.0,194.1261577138225
home_004033,203.0,182.6135560810385
home_002813,313.0,186.6151247628389
home_002124,137.0,174.09988423704252
home_005096,144.0,127.74688719274855
home_002368,225.0,168.15250808599365
home_000711,313.0,238.33981065101327
home_002100,152.0,137.61381832294995
home_000652,146.0,204.14680591680064
home_000587,261.0,257.6506562513875
home_004387,188.0,180.97954284399043
home_000347,212.0,236.08776298624778
home_001855,109.0,114.74046975566758
home_001505,129.0,136.21980198851213
home_001068,172.0,182.46312745367572
home_004444,150.0,173.59801124363526
home_004315,119.0,148.98038323931638
home_003220,134.0,163.96092203214482
home_003662,250.0,294.0628671543799
home_004811,216.0,315.3735998714549
home_002830,151.0,224.86766331089171
home_002794,151.0,156.59683762047015
home_002266,244.0,245.57392160373078
home_004068,138.0,159.62140425837427
home_005080,253.0,226.34120798474513
home_004502,105.0,122.64475369166654
home_004907,192.0,245.99795094080488
home_003967,192.0,219.15223907539684
home_003100,148.0,137.35345209096528
home_002263,170.0,154.64757573423324
home_002270,236.0,219.43915970485398
home_004727,179.0,168.72323693454913
home_004411,207.0,234.70307579781252
home_001461,128.0,162.21295102890224
home_003638,244.0,189.36495178060886
home_001676,304.0,296.9730912291799
home_000532,152.0,157.69828988372024
home_002225,124.0,153.17833589836613
home_002789,170.0,201.68283662047625
home_003699,149.0,183.29500377083383
home_001354,155.0,143.11790645297816
home_000649,154.0,151.83749109420725
home_004946,157.0,147.89737103194668
home_000621,119.0,110.68837364755068
home_003603,196.0,221.11434054289361
home_002458,146.0,169.96872090273814
home_004128,192.0,162.97831361070453
home_003063,149.0,149.18013821982112
home_003502,145.0,186.84155109975015
home_001612,115.0,171.689300196379
home_001048,266.0,267.98136204045693
home_000663,133.0,173.55994720833226
home_000327,180.0,175.50824614093256
home_001611,158.0,142.8666582193902
home_004282,234.0,166.94676273132444
home_003679,235.0,192.4102505214168
home_004456,176.0,161.42448571755577
home_005227,300.0,292.0414120948701
home_003951,124.0,149.94988942023815
home_004550,229.0,175.82363836178206
home_003676,176.0,182.95727958271905
home_001155,196.0,248.13286288342786
home_004845,130.0,141.69715677785618
home_002191,123.0,135.3343089788462
home_000716,200.0,165.73814130947423
home_000167,201.0,224.94093875397792
home_004967,198.0,155.05500279771212
home_001522,134.0,155.3843501544573
home_000523,240.0,152.66865725372978
home_004233,218.0,241.2549038862649
home_003488,149.0,167.7295764789704
home_004231,177.0,184.2354207363837
home_003040,185.0,205.87378921577027
home_003519,210.0,216.21654293728471
home_000549,277.0,274.43895624377984
home_000241,138.0,146.76363430163838
home_002347,112.0,119.06754683917187
home_004044,214.0,167.1104307413501
home_005168,151.0,194.61422750522374
home_002202,158.0,211.82507971155368
home_002519,157.0,181.29382738965916
home_002186,132.0,137.22839160274222
home_002253,159.0,186.56073844513787
home_001540,116.0,118.51821357123545
home_004796,112.0,126.71232076165936
home_001900,146.0,144.62327159640864
home_000630,205.0,198.4327934328247
home_005012,185.0,154.3520820980308
home_000266,112.0,163.07516207936857
home_003389,238.0,246.91222503483883
home_002226,126.0,168.1493661393488
home_004431,239.0,219.82467131994505
home_000384,138.0,184.12262427359184
home_003978,223.0,198.9508539555578
home_002318,254.0,187.100983208164
home_004244,330.0,269.46783560347376
home_001742,161.0,150.97861448168493
home_000088,240.0,190.40219741963264
home_001545,136.0,150.3507229668352
home_004713,125.0,121.04540507877083
home_002535,308.0,288.4754228151503
home_000901,131.0,130.49330094842023
home_002693,204.0,220.2698653556055
home_000852,189.0,142.85635970840605
home_000883,149.0,132.33915835389598
home_000952,137.0,160.22092101869345
home_001125,127.0,123.39296631166363
home_002865,157.0,209.9545144531555
home_001285,201.0,139.26774591502604
home_001031,121.0,168.60390460153795
home_001698,89.0,105.33774621145444
home_000578,213.0,211.8653231924647
home_003318,282.0,237.24353635115864
home_001143,125.0,141.87926937064617
home_000752,200.0,197.3432237873083
home_000340,113.0,133.26261856233634
home_000024,296.0,291.3094514727838
home_004441,167.0,149.2558002209718
home_002275,116.0,163.18847734810862
home_002734,230.0,178.05255494955694
home_003568,184.0,164.82776874510932
home_002079,171.0,134.36163036658803
home_001846,149.0,147.71556550423463
home_000566,105.0,150.94480733633964
home_002207,151.0,165.30683201498482
home_002224,213.0,160.74176491755378
home_001493,270.0,245.85815010825817
home_001116,140.0,153.60107118067117
home_003674,105.0,104.61722898557468
home_001927,183.0,182.4352670516488
home_003492,228.0,210.07655456281356
home_001530,129.0,120.9000658405669
home_000406,186.0,161.2940349029142
home_004130,168.0,233.76096615706214
home_004207,166.0,166.62567351135516
home_004138,176.0,208.03305253608573
home_004324,148.0,163.71950555016082
home_000957,202.0,164.72765402776764
home_003538,256.0,203.6993559437033
home_000936,284.0,197.55570608084471
home_003930,156.0,262.37817398322795
home_000915,229.0,250.9446323985943
home_004842,87.0,145.11962300395467
home_002581,107.0,117.36318529164744
home_004916,140.0,137.42755780447197
home_001172,164.0,147.5767422875344
home_001557,272.0,223.66279785586167
home_000695,195.0,218.56019741774622
home_001182,183.0,172.0576617523846
home_002404,175.0,236.32634195086345
home_001367,148.0,162.40617399274853
home_003363,108.0,132.0801496229849
home_003452,104.0,150.09523530262908
home_002329,147.0,154.98884463188364
home_002915,336.0,289.5253433558724
home_004129,134.0,144.9169894618434
home_003817,186.0,176.4983532226404
home_000120,149.0,136.53779740463983
home_002029,204.0,210.84416793909452
home_003056,267.0,257.52366737674004
home_002390,168.0,188.13452146764274
home_003869,130.0,129.32088698960706
home_001255,126.0,187.4589112270666
home_000640,182.0,207.16236315266673
home_003728,194.0,140.9817881129646
home_004525,373.0,295.2274190616388
home_002579,270.0,247.2722132290097
home_001802,97.0,119.40381177169543
home_003055,241.0,189.442336646615
home_003970,218.0,216.45161677157387
home_000690,166.0,171.4921139453664
home_005147,234.0,226.22435951471738
home_003840,91.0,148.73878642888957
home_001254,252.0,229.40353472638208
home_001303,172.0,246.31182896439788
home_003950,236.0,223.18953668274838
home_004134,187.0,178.98918081415275
home_002559,151.0,133.99958623488249
home_002136,137.0,159.45789583118494
home_004571,154.0,176.55894301440847
home_001106,224.0,191.0113280914043
home_000304,250.0,229.01018163113534
home_004745,154.0,208.9961682849936
home_003378,194.0,215.1457891808226
home_000314,132.0,105.75069660089532
home_003058,216.0,183.9494118498048
home_000225,268.0,221.2992658735161
home_004249,348.0,247.80631969144463
home_000315,134.0,145.4177479528044
home_001622,171.0,202.02426257451654
home_000248,162.0,142.97223132924867
home_000858,221.0,192.9593470857979
home_000092,141.0,120.02044489316307
home_001941,201.0,203.92277530586844
home_003178,153.0,137.90992803683997
home_004969,254.0,279.16233398787097
home_003473,186.0,186.72765693574715
home_002332,237.0,185.21497272019226
home_004717,124.0,160.96371709449593
home_002300,237.0,160.61186551182828
home_001935,202.0,269.0778587468601
home_002009,223.0,221.62882025946297
home_003515,124.0,136.15656640304917
home_001970,242.0,271.3805269704281
home_001099,111.0,175.42099474067604
home_000508,116.0,109.33042399294465
home_003490,158.0,154.39564088894335
home_001240,122.0,121.8541416665629
home_003589,121.0,109.48317378534357
home_000116,81.0,116.64028718846218
home_002634,117.0,128.2358886685629
home_001027,119.0,133.26258536363963
home_004792,215.0,218.26964352674065
home_003328,121.0,122.12299991632388
home_001400,125.0,139.08045032543387
home_003259,300.0,341.7675000647449
home_003194,166.0,160.12234715062363
home_005176,165.0,147.1197383366988
home_004167,197.0,202.7927713182576
home_003135,205.0,222.45495811579315
home_001967,184.0,248.6694607473391
home_002721,174.0,200.4940545874158
home_002673,185.0,181.07682101495774
home_002668,144.0,133.61484196376915
home_004712,100.0,134.69606897672261
home_000141,364.0,249.2418175767342
home_000033,237.0,239.44663781375627
home_000295,190.0,215.8080985115416
home_003609,229.0,194.16371621425864
home_001103,129.0,145.94268055634927
home_003927,233.0,248.62936433948863
home_004722,174.0,205.59876231172143
home_004854,161.0,218.0945175537345
home_003960,130.0,201.60810724837063
home_001251,190.0,234.38132648643736
home_001495,79.0,100.5461608233477
home_001413,152.0,147.16828605307944
home_004520,286.0,250.1792663548297
home_002935,175.0,199.2558214925172
home_001670,226.0,161.4186442138411
home_002568,192.0,217.29985076865876
home_004970,123.0,132.24803707612494
home_002839,152.0,176.98492780320908
home_001088,211.0,156.86907503359947
home_003592,164.0,149.04582707130797
home_000332,239.0,224.74921437143067
home_003421,167.0,142.15981956214713
home_000183,151.0,169.07785214243677
home_000137,211.0,155.73141910410666
home_000221,190.0,189.9304765557493
home_003298,131.0,140.65751849577623
home_004676,228.0,242.6072154692799
home_001350,281.0,282.324772867864
home_003830,185.0,161.61911327503304
home_001563,186.0,201.2573002574881
home_003238,193.0,241.55017756348602
home_001148,119.0,156.18304655941068
home_001759,152.0,140.20625216314602
home_002380,140.0,167.53534150505445
home_001369,194.0,167.6475959093762
home_003723,118.0,143.41029624878934
home_004915,227.0,167.42931861985983
home_000546,130.0,146.0449002280901
home_004625,202.0,198.23803662629268
home_005205,214.0,135.30899866912424
home_004220,220.0,222.53737170182077
home_003923,214.0,223.04505685717555
home_004090,136.0,126.099733918424
home_003632,107.0,124.35582521974412
home_001389,135.0,114.49410673652393
home_002428,225.0,196.00629767725425
home_003169,128.0,123.37151538530672
home_002182,117.0,149.30207415514252
home_004065,232.0,149.6731153029328
home_000912,150.0,149.97303374637755
home_004271,263.0,231.51338087905467
home_005153,133.0,150.83185695538026
home_000824,284.0,284.1518883693654
home_000101,207.0,140.4688826911964
home_002408,111.0,144.1146135933945
home_001083,113.0,144.13390803729635
home_003773,273.0,273.54067105349293
home_003506,162.0,160.9147567671264
home_004790,129.0,167.16764808106757
home_000530,175.0,156.0502459500702
home_002558,136.0,163.56165688130463
home_002801,154.0,118.48997160392668
home_003847,246.0,273.31755033524087
home_002618,120.0,150.14817842495364
home_000913,136.0,155.32759328664594
home_003185,208.0,236.84402267228324
home_004331,178.0,212.2137874034596
home_003573,306.0,297.7245334193876
home_001211,237.0,236.74109937626994
home_003443,170.0,249.03013959868517
home_004279,261.0,232.17727892005232
home_000046,210.0,167.71881097789753
home_004665,166.0,218.51504800411118
home_001871,279.0,262.89978462829885
home_004576,218.0,269.88426462107094
home_004882,125.0,131.71626766083327
home_000724,144.0,116.14486508079118
home_002869,138.0,178.4010160748874
home_000093,222.0,209.27606430416324
home_004951,229.0,214.69525016966287
home_004041,150.0,183.73086009466482
home_000982,336.0,234.02533090620994
home_002598,213.0,148.6385810773032
home_000792,250.0,219.85162550599267
home_003880,257.0,191.59700211769632
home_004751,202.0,216.7500770289673
home_001437,241.0,226.2001967474862
home_000150,161.0,239.3565998571974
home_003799,244.0,305.12216862306485
home_001601,147.0,148.79929577225926
home_001573,133.0,138.40780923567678
home_002302,214.0,281.07908579488293
home_005076,120.0,165.25598048440997
home_001885,189.0,180.33127191629748
home_003509,215.0,204.47275152637033
home_003730,201.0,217.34786416280366
home_001494,183.0,201.72368218514976
home_003594,267.0,276.44528857659105
home_003284,211.0,195.93030674668893
home_000975,231.0,208.0889550889543
home_004996,220.0,235.78392049873312
home_003410,124.0,149.80471337396096
home_004925,256.0,255.67835282273012
home_003525,255.0,266.48539565590386
home_000121,208.0,211.34125687563056
home_004944,282.0,266.34014104924813
home_001598,303.0,310.42887842970606
home_003090,159.0,206.76414550097167
home_002517,152.0,117.64652911545396
home_004675,250.0,208.38009404206278
home_002772,173.0,191.2167926012583
home_003069,117.0,134.167230502834
home_000339,115.0,130.29073416702192
home_004861,156.0,142.77901802628872
home_003498,239.0,262.05621486844456
home_001955,173.0,183.67836640500772
home_003444,203.0,261.9918441738685
home_003078,92.0,107.91986656635302
home_001151,166.0,198.4018287491076
home_000224,254.0,196.13843865930758
home_000772,207.0,177.38844395784642
home_000713,199.0,197.86910665761602
home_004669,136.0,134.154488361637
home_001355,213.0,222.0710382435699
home_001940,163.0,195.1662170897311
home_004765,125.0,99.64320657758137
home_002041,106.0,112.847175774294
home_004879,156.0,169.49446747918978
home_002014,135.0,141.0807435057048
home_004753,147.0,175.34370063442034
home_000040,223.0,216.41558024758297
home_004819,130.0,156.92443012885846
home_000442,131.0,171.9288336018979
home_001548,320.0,277.1121305030117
home_004366,203.0,239.22094661861513
home_004968,168.0,179.56549288697278
home_004035,303.0,291.54069089498375
home_000374,228.0,192.05004681600832
home_002499,119.0,141.5904806389527
home_003431,271.0,180.70815729758368
home_002727,262.0,285.37260459346595
home_003564,92.0,114.84856752408118
home_005203,208.0,188.17251078759315
home_000832,177.0,167.9006220476574
home_002951,176.0,160.88053456505733
home_001903,151.0,153.94085939187767
home_004073,192.0,176.91884905232027
home_002694,126.0,198.82882770215025
home_004163,123.0,135.98157562185958
home_002624,117.0,119.49869142009479
home_000552,181.0,312.049133805222
home_003537,185.0,235.50377391907284
home_005193,150.0,141.60126066380656
home_002296,254.0,264.7335880199483
home_003423,139.0,129.3666848385751
home_004026,232.0,264.84761633991565
home_001595,272.0,267.8839435275104
home_000449,156.0,164.42203146633784
home_001682,139.0,127.09441388523528
home_004699,196.0,220.64248959074064
home_003560,125.0,180.67753083209425
home_002146,249.0,189.5452656542942
home_004084,141.0,110.90265586573328
home_000126,155.0,163.94066421051284
home_001672,159.0,137.68767505999145
home_000072,135.0,142.97503969666096
home_001379,249.0,247.19029096959545
home_003470,300.0,280.46137953457577
home_003373,178.0,185.82732700141835
home_005134,173.0,190.84631358306498
home_000194,167.0,191.51120068520575
home_002871,87.0,106.7530268344545
home_000633,124.0,146.69612068059348
home_002067,145.0,139.48683140322908
home_004559,125.0,156.06910883338134
home_003292,208.0,282.4465711008043
home_000414,107.0,128.0239435162072
home_003062,127.0,119.2595459624911
home_001401,106.0,144.90399800434926
home_004630,281.0,200.92569410416783
home_004889,244.0,252.00208695814405
home_002239,159.0,187.67631289837524
home_001344,87.0,105.95934652599091
home_004678,185.0,203.69946263022783
home_000536,175.0,221.28679986327725
home_002601,186.0,217.15326384027696
home_001667,255.0,259.6210473243118
home_000514,242.0,252.9368475021737
home_003831,269.0,224.89704678379857
home_001668,161.0,170.11858373331305
home_002053,81.0,118.2594025977457
home_000575,229.0,247.0387492962912
home_000305,135.0,175.40325398037095
home_004398,156.0,197.77845672358688
home_003822,147.0,176.79741813443096
home_004221,209.0,203.68676666625925
home_001507,94.0,121.9197734123052
home_003627,177.0,203.89967611282583
home_002567,122.0,147.86536882164268
home_004609,165.0,144.9831449381785
home_004150,151.0,162.34548294372198
home_004403,123.0,125.74776465847242
home_001305,151.0,125.33556273503068
home_002426,121.0,120.21946234809822
home_002264,160.0,168.59174551559417
home_004080,157.0,124.93185866303327
home_002717,279.0,281.67348104824214
home_002471,159.0,125.23821386152687
home_000676,276.0,260.0865834755215
home_003572,167.0,181.45810510955332
home_005173,206.0,203.89573398090783
home_005160,266.0,302.9274934440144
home_000488,234.0,272.5082433748985
home_004190,153.0,160.23826880648377
home_001892,272.0,219.55940167727385
home_000683,216.0,152.815108357036
home_000656,104.0,170.48640055237053
home_003092,325.0,264.6718826272153
home_000074,175.0,175.65144523876685
home_004631,150.0,163.5131145636185
home_000497,106.0,134.2444371196123
home_001551,367.0,217.79175919825013
home_003080,305.0,259.0133258221522
home_001957,211.0,203.2019573255203
home_000794,168.0,138.10513975629326
home_001403,195.0,180.26270070942743
home_004529,243.0,280.12913583622174
home_003312,149.0,241.34645150594002
home_004075,195.0,152.1132255830704
home_002987,155.0,194.6334137888813
home_000473,144.0,192.05465822831803
home_000238,320.0,273.87797717125056
home_002831,170.0,155.53674591519973
home_002304,128.0,134.96308012148427
home_000742,189.0,181.9551957537068
home_003558,182.0,232.79376508666206
home_000062,195.0,160.75529414526113
home_001067,271.0,251.3273050156425
home_001872,156.0,149.60804861200018
home_003076,190.0,225.54214794824412
home_000419,393.0,276.7411014244938
home_005040,170.0,180.4441789820152
home_002143,213.0,199.84010987050925
home_001150,103.0,126.84405046040308
home_004840,216.0,170.12601843814423
home_004205,281.0,273.53535216933426
home_001387,256.0,226.28515562648192
home_003073,138.0,209.32975736793748
home_002530,226.0,208.96156357556498
home_001684,120.0,124.24782714566058
home_004683,124.0,165.309005179836
home_003683,195.0,266.38302646254806
home_000479,146.0,191.19398253568735
home_003963,141.0,158.49080735242825
home_004269,162.0,143.7107737388359
home_001687,91.0,117.51324585311345
home_000865,297.0,274.4457086663647
home_003694,187.0,191.91160189627706
home_004758,141.0,119.91026461349507
home_004377,231.0,155.93634994185126
home_002411,163.0,168.1609523853714
home_004002,135.0,180.516551540183
home_004864,210.0,166.02356547729465
home_002113,128.0,125.88487555400698
home_001873,170.0,183.9995998074265
home_000365,158.0,171.50265185119173
home_003294,161.0,213.05313649396913
home_004616,246.0,180.613640052278
home_002898,246.0,200.08427986845393
home_001271,280.0,203.84342722940917
home_001921,197.0,151.71670938770455
home_003326,212.0,223.33829147249352
home_000966,241.0,292.18031556810956
home_002115,139.0,200.338247192802
home_000499,176.0,189.8998190452086
home_004060,137.0,138.68211862961772
home_002413,259.0,234.08535842658972
home_001642,282.0,243.30456008273023
home_002625,129.0,134.62780632207614
home_003874,92.0,133.41391697847948
home_004649,159.0,156.71389203793728
home_004103,197.0,171.59634627069923
home_003351,191.0,168.0642055389344
home_000994,225.0,264.4286133398812
home_000409,123.0,176.07937975754814
home_004852,143.0,206.994668916876
home_004689,186.0,235.38642782492684
home_002218,167.0,132.63644144187023
home_005148,173.0,202.99250593840452
home_000954,145.0,143.2622416347656
home_000517,170.0,144.9647894744865
home_003131,170.0,183.86908469968301
home_005181,170.0,173.56278334788004
home_002141,209.0,201.3222008649011
home_003735,132.0,154.54736457406517
home_001535,259.0,219.80560743932097
home_003640,212.0,185.68540275616982
home_000368,163.0,180.14025960678745
home_003203,147.0,186.0898527055481
home_001916,182.0,184.3614487650115
home_003345,145.0,151.767050334866
home_004211,278.0,199.04707763306914
home_003973,118.0,121.08599352373925
home_005190,93.0,109.59133012270733
home_005220,217.0,224.77202764557563
home_000600,168.0,176.21168665701245
home_002969,148.0,178.1727900970879
home_003711,120.0,116.85194933227488
home_002811,190.0,189.4791561550808
home_002142,168.0,196.18866859495733
home_002608,131.0,165.4095124877882
home_003152,160.0,202.5097828329519
home_000767,202.0,218.15448548824705
home_004252,118.0,158.8457683272733
home_003086,197.0,214.57741567038133
home_000749,156.0,153.36573834694698
home_004349,356.0,251.1510023222016
home_001804,120.0,130.89164077965611
home_004964,138.0,172.1905353138927
home_003909,192.0,186.34208196467853
home_002477,134.0,144.29805402690363
home_002982,134.0,119.85111628923461
home_001983,229.0,240.88614868731898
home_004436,274.0,293.8496684806091
home_003857,170.0,169.04884000286006
home_002577,125.0,141.28798274538306
home_004304,255.0,250.90775498183865
home_000736,244.0,221.4904077678885
home_003255,244.0,206.14216412515538
home_003533,226.0,269.73839231795813
home_002965,155.0,158.88158937947222
home_002004,203.0,247.420058181662
home_003899,207.0,238.82276293318498
home_001142,199.0,232.53963475966233
home_002324,230.0,249.6424249777993
home_003497,129.0,198.39252435156624
home_004764,174.0,197.5630695170257
home_001853,247.0,285.43504348517513
home_001122,168.0,158.17907238628544
home_002093,281.0,234.40172490013722
home_000430,201.0,134.05262981838703
home_005139,174.0,177.4312887051948
home_001546,157.0,133.14512905192
home_000820,216.0,191.9995067322558
home_000343,179.0,151.12899329660334
home_003810,155.0,188.64933995973058
home_003247,173.0,149.82161829233527
home_001128,228.0,235.96988365397004
home_001824,115.0,124.26342011140893
home_005214,129.0,136.7000474611442
home_000378,129.0,120.35250535426228
home_003306,161.0,146.71207120314983
home_000801,203.0,215.58856006361722
home_005208,149.0,188.637368084706
home_005059,168.0,142.61746288007325
home_002572,261.0,230.49679180089134
home_000103,104.0,133.27464475824476
home_003544,153.0,184.34096028794406
home_002322,108.0,144.11282108008004
home_004204,162.0,190.40426843979978
home_001274,187.0,210.84401259829522
home_004636,167.0,185.3651239924487
home_005047,109.0,113.64057138012015
home_004385,194.0,170.55554031687723
home_004639,172.0,186.78673932525476
home_004039,205.0,187.0715580140721
home_002525,187.0,191.88632980918968
home_004799,216.0,195.85542210608313
home_001898,189.0,172.36158808547032
home_002480,138.0,148.0971659009013
home_002531,285.0,255.84920005867292
home_004187,99.0,124.8442988496376
home_000052,118.0,145.39219802233475
home_001886,180.0,153.32192479467483
home_002036,255.0,247.42767800081958
home_000563,157.0,183.27145471158212
home_005228,129.0,170.54314262308156
home_001470,264.0,218.0195823204575
home_001564,282.0,262.03917348730874
home_002803,261.0,189.27413412056612
home_005128,235.0,244.06431575191502
home_000707,214.0,237.75606800748727
home_000278,181.0,155.7610709647806
home_001399,200.0,233.68859142388607
home_004536,163.0,201.82798506165716
home_000009,328.0,245.51384851735705
home_002125,227.0,215.14458033267755
home_003764,158.0,180.65953566612112
home_001933,137.0,160.51666848819417
home_001589,285.0,205.91227225900266
home_001592,199.0,211.93525653705444
home_002955,124.0,127.98306621128731
home_001997,275.0,255.18503899351742
home_001706,155.0,152.72516359151905
home_004183,91.0,143.83373893114708
home_001176,196.0,228.24187740305547
home_000344,250.0,219.10020402900486
home_002243,268.0,269.56893398959835
home_004330,320.0,220.87952633371074
home_002977,200.0,218.00527174752523
home_004769,107.0,140.1131844473396
home_000637,169.0,153.66806217349495
home_001463,103.0,100.11459881371724
home_000413,142.0,140.68451566153524
home_003269,281.0,160.54909296527958
home_000710,237.0,259.6904860000585
home_001845,201.0,180.8448844771914
home_004071,153.0,164.89450949827017
home_001154,152.0,166.0164465552402
home_003451,136.0,215.7871206347308
home_001012,116.0,122.25674162777716
home_003472,136.0,186.47586378343212
home_004378,133.0,150.8376341339571
home_004438,255.0,265.16209983940394
home_000337,223.0,195.49099603652067
home_003844,182.0,209.94997964352595
home_000859,106.0,122.082578662223
home_001432,313.0,291.1857164884118
home_004226,197.0,217.11931105269517
home_001902,159.0,165.82741368633103
home_003636,179.0,234.62412490325943
home_001537,243.0,296.48947034271225
home_002998,220.0,196.68625915732719
home_004841,224.0,223.79824821028978
home_004574,282.0,216.15064284927914
home_004135,169.0,174.0408386146731
home_000669,118.0,116.02696880695112
home_001677,124.0,131.2817679060231
home_003266,216.0,209.28793235968462
home_004591,166.0,200.04623132477667
home_000664,119.0,130.11766900037816
home_001374,206.0,165.5553462707069
home_004898,137.0,147.65292204491942
home_003588,166.0,145.82969807857972
home_004643,420.0,257.92404898487945
home_005060,127.0,176.6603571769441
home_000813,239.0,224.87940124564034
home_003244,287.0,286.52146569025837
home_001964,121.0,149.29870140782697
home_001072,225.0,217.760486609198
home_005068,172.0,157.80438536577464
home_002483,239.0,193.10769682020688
home_000505,130.0,125.4193860647214
home_000461,244.0,253.5582257989633
home_003052,207.0,297.03518967797015
home_005118,121.0,132.34691324675208
home_003479,119.0,103.61479523573368
home_000235,76.0,107.5285172740778
home_005129,199.0,208.58637269139948
home_004053,206.0,140.47431799651667
home_005091,125.0,149.21835341016788
home_003504,114.0,143.95243067313146
home_000240,179.0,192.01438958698415
home_003335,136.0,122.20557848486364
home_002245,159.0,181.7130629329523
home_002712,356.0,262.9958582267972
home_000691,139.0,185.71664900401396
home_002643,154.0,179.08596456103297
home_004911,132.0,105.48314146399532
home_000803,122.0,138.34156597505444
home_004568,111.0,151.59682728155008
home_001880,188.0,201.30010526080832
home_003279,222.0,219.2539356592746
home_002494,155.0,143.04887013969238
home_002924,155.0,210.0678856406212
home_003649,142.0,135.27213145574322
home_004839,224.0,265.21613796955063
home_000581,137.0,186.5362404670754
home_004184,218.0,197.58700294525022
home_001279,105.0,116.74030026315954
home_003241,312.0,259.0156512163269
home_000237,149.0,153.24019728374105
home_002613,237.0,257.5465196032005
home_001345,184.0,143.33542376143788
home_005215,149.0,171.94112252061657
home_004157,164.0,204.1940021690629
home_000759,190.0,215.59290882014673
home_002781,107.0,120.29664065773056
home_003945,175.0,167.64704754856814
home_002537,162.0,164.58324193888555
home_002574,188.0,281.5666361819237
home_002341,132.0,160.4732052746577
home_004748,248.0,236.67195790822745
home_000788,237.0,215.99011317006116
home_001716,236.0,270.89872990400625
home_002335,110.0,122.22923582255684
home_002401,192.0,147.4347622815782
home_004343,143.0,156.5498406634449
home_004142,150.0,183.44440587321125
home_000249,223.0,269.640918633229
home_001131,279.0,196.68514784909635
home_001621,280.0,225.575572100224
home_003994,182.0,175.5679159201633
home_001018,166.0,199.8142196543865
home_004895,219.0,171.86841455878837
home_003039,123.0,148.14768371920678
home_002683,183.0,212.5583399720921
home_001607,219.0,228.14239484283493
home_000623,125.0,120.49753649244373
home_003678,159.0,188.83916321526542
home_000105,117.0,156.4652836222264
home_003053,203.0,173.4936815995819
home_003162,339.0,287.5366924911522
home_005130,253.0,223.79001435173174
home_001421,239.0,274.4620691424933
home_003753,89.0,108.3144007316383
home_003949,437.0,274.1525256815974
home_003841,122.0,194.7067483615434
home_002921,222.0,187.66668116436946
home_003882,131.0,130.26005752261565
home_005050,101.0,114.56003367723788
home_003775,160.0,177.82394856624327
home_002705,162.0,197.88794782620351
home_003885,137.0,164.48187854774812
home_002636,94.0,131.5555218091414
home_000977,138.0,198.58555945549796
home_001383,220.0,215.29968608178268
home_004991,289.0,212.37268954760492
home_000447,151.0,162.8923249486488
home_000410,233.0,209.25138208885267
home_003708,101.0,119.91542367495194
home_003916,158.0,139.35000931867992
home_002604,220.0,205.48477583958373
home_002930,185.0,193.03754115394037
home_003150,274.0,185.6283298924997
home_005150,204.0,154.63775017580042
home_001035,112.0,136.94764816389505
home_005212,121.0,139.578373037377
home_001876,201.0,179.81564063946968
home_004291,168.0,148.25824882781882
home_002937,270.0,220.6332061827106
home_003217,203.0,202.1964479567524
home_003193,240.0,218.02398790961152
home_000719,137.0,186.94621267109315
home_002359,115.0,117.02057182848267
home_002085,152.0,183.55766088208105
home_001731,285.0,171.77344281288657
home_003972,311.0,264.91919630090666
home_003046,243.0,168.06035404686676
home_001408,174.0,158.8998008510556
home_005077,292.0,287.93074100127626
home_000261,151.0,143.04964037844832
home_001474,186.0,185.60341754971392
home_000124,107.0,106.78524184702576
home_002569,156.0,194.6950611539063
home_002779,174.0,170.18030633858817
home_003111,173.0,117.4536541294596
home_003349,158.0,132.74712771811312
home_004990,249.0,287.33001961002714
home_002904,134.0,156.1837636089485
home_000542,340.0,312.84437882513214
home_004510,106.0,143.81468998254786
home_000452,222.0,270.6868786643509
home_004887,179.0,217.47007897035505
home_002082,172.0,185.93528833451998
home_002828,189.0,180.14886742935857
home_002229,131.0,144.82720677492557
home_000370,166.0,187.25047348745875
home_003082,354.0,241.74848622532448
home_000921,127.0,183.20503600958781
home_002716,356.0,286.0464767966456
home_001588,139.0,136.37466755324715
home_004319,122.0,161.2509776023775
home_001050,157.0,223.13986085981315
home_000109,231.0,218.933683698115
home_003311,161.0,240.33275532509674
home_004862,140.0,113.62700575879364
home_000468,129.0,139.29510214761365
home_001006,231.0,222.3206358571998
home_004867,235.0,216.36135936711557
home_004504,155.0,157.81017055731726
home_000996,98.0,122.11130842899527
home_003783,107.0,141.28956498345116
home_001418,133.0,172.14240465700152
home_001610,116.0,143.75622843105964
home_004857,194.0,222.58279304416035
home_002454,222.0,144.5575908281794
home_001299,113.0,115.18831088566716
home_003684,197.0,159.72856000327374
home_005103,99.0,117.50548067532846
home_002237,123.0,170.31514116317624
home_002853,262.0,183.69079096896817
home_000029,270.0,212.28734941348728
home_002064,275.0,241.49489107614812
home_000741,131.0,159.55657319788642
home_002748,164.0,172.36382399319356
home_000680,235.0,233.63724031354468
home_002931,291.0,257.9107332923104
home_000722,106.0,109.18568669534915
home_002588,205.0,160.44886249226602
home_002479,203.0,206.85383470416906
home_002623,217.0,202.10396087602055
home_003330,135.0,189.82543451686354
home_004123,216.0,224.5059470882878
home_000942,212.0,224.27134026064792
home_000727,114.0,146.21928869253927
home_002388,250.0,222.93724017180503
home_000551,114.0,113.28972587719032
home_003307,178.0,183.93848497743923
home_000822,183.0,158.86830682645487
home_001322,284.0,230.50898186541804
home_002614,197.0,198.21440072356074
home_002890,154.0,189.9661263217171
home_000122,182.0,215.80165024206127
home_000825,288.0,242.0288045710451
home_003763,153.0,127.27832000703023
home_001204,113.0,143.55647455416442
home_000891,133.0,149.85855624205254
home_001879,163.0,189.88243258375522
home_004729,144.0,135.00343301441092
home_004865,173.0,215.7695717762977
home_001721,191.0,236.9368222857383
home_004445,197.0,249.33952814842067
home_000955,206.0,213.6843976691265
home_004466,155.0,175.3859509555468
home_002585,173.0,212.31101877387226
home_002427,120.0,142.63809829015412
home_003060,145.0,173.5118496653872
home_002800,235.0,212.21646231230693
home_002690,302.0,262.5796102876407
home_002007,135.0,159.22283527776474
home_004848,221.0,276.31011197439165
home_000941,100.0,131.1078597695012
home_004793,237.0,248.1624559724733
home_000744,99.0,155.42528932166852
home_004098,141.0,138.30778287415163
home_000191,172.0,146.19905035480275
home_002573,100.0,145.06284240478098
home_001480,231.0,206.39334775672995
home_003789,224.0,210.1589527773479
home_003401,102.0,170.89930032575586
home_003454,212.0,213.12242048064147
home_003518,173.0,220.500546240649
home_001043,85.0,101.14495975439583
home_004942,211.0,244.00665915413887
home_002518,382.0,263.87059099545877
home_003827,172.0,191.30187160350584
home_004144,157.0,165.92942872847635
home_001371,262.0,222.4375397785244
home_003428,118.0,126.62373584551324
home_002336,182.0,192.7495871429947
home_000363,144.0,164.07661448213423
home_000095,292.0,232.97857044125152
home_002881,324.0,249.4936478357222
home_002035,137.0,179.92335203570374
home_001569,99.0,99.83540137082196
home_002160,141.0,134.54459553406053
home_005003,190.0,190.55957513201284
home_004720,293.0,231.7738544474477
home_002098,226.0,237.00538265496718
home_003489,139.0,120.60264229519096
home_004705,126.0,115.46744810990629
home_000382,316.0,254.4737158872245
home_004960,97.0,110.66230367250657
home_003615,132.0,137.15292398993478
home_002095,153.0,167.8091777283633
home_000591,166.0,181.4042611949937
home_004723,131.0,157.93790056942535
home_002119,100.0,111.87744523619355
home_002576,95.0,111.1350595895245
home_003968,149.0,144.9579202852743
home_004296,287.0,220.89099179094242
home_004011,129.0,206.76062155991096
home_002790,108.0,124.95409222070356
home_004372,196.0,166.93268988662595
home_003991,110.0,127.00989640124803
home_004031,137.0,179.45639136996718
home_002268,93.0,107.62233448541369
home_000106,223.0,199.89491040262212
home_004054,179.0,177.49496634320906
home_004261,108.0,125.03539262624099
home_004555,196.0,140.01193587497306
home_001751,127.0,152.7890363432253
home_003866,146.0,152.2191163980852
home_000934,170.0,209.5244048920413
home_004660,194.0,156.52897904189
home_001600,178.0,156.799195913055
home_001308,242.0,189.32632055332766
home_001819,151.0,154.11206542142506
home_000662,200.0,243.86812994624225
home_001287,188.0,161.98940764324325
home_000057,245.0,225.04217044313972
home_000593,199.0,253.36132500508262
home_003688,118.0,129.34517391267198
home_002105,142.0,172.3656555922914
home_000166,348.0,232.2804254507558
home_000898,200.0,193.2759326781111
home_004356,214.0,205.68654400921795
home_002532,121.0,198.56947444157547
home_002501,254.0,238.10843222076576
home_002157,200.0,267.18836593047416
home_000791,139.0,139.50462091281938
home_001062,138.0,166.07844221840546
home_004371,571.0,370.4593719816725
home_000159,168.0,165.72757076547208
home_002684,290.0,359.26295525874286
home_004012,142.0,160.1638012282903
home_002027,121.0,152.05493409353957
home_004358,194.0,189.03366306710217
home_003714,198.0,173.35569860975136
home_001643,232.0,182.97174798569137
home_002514,149.0,200.35146082922253
home_004074,180.0,196.74529107467674
home_001093,186.0,157.24668134512635
home_001468,211.0,175.00117484186353
home_001033,305.0,249.30576463608915
home_003411,232.0,198.77756809863814
home_000529,256.0,264.9480965278393
home_004361,271.0,199.42410178948438
home_002238,296.0,256.0828297103659
home_000557,223.0,254.1424835500972
home_002126,290.0,211.47917309304637
home_004057,165.0,161.69651437579438
home_000123,222.0,297.45511395173264
home_004382,177.0,207.40207771125216
home_004216,136.0,153.15397139703853
home_000098,269.0,211.52573021469166
home_004119,294.0,218.6226817512118
home_003710,167.0,123.11374506313098
home_001890,175.0,234.97431206366537
home_004804,293.0,282.5214666270215
home_000562,151.0,197.04336349986445
home_001779,218.0,190.58281289673292
home_002507,171.0,173.80799875510203
home_000423,150.0,151.83520612052075
home_000259,167.0,179.94514478540697
home_002826,146.0,148.20775064516116
home_003296,238.0,293.46143221478576
home_002761,252.0,277.83348252973224
home_004563,126.0,144.52152777611
home_001149,222.0,176.44638216286577
home_000007,425.0,267.22358166737706
home_005188,180.0,166.28072580777692
home_000352,141.0,163.32035944939048
home_005110,114.0,123.19315317062976
home_003250,171.0,146.00974250396945
home_003142,111.0,151.61276929991382
home_002760,152.0,163.49772708105974
home_004149,174.0,248.72074567689384
home_003614,130.0,127.971821434015
home_005157,171.0,145.81336947030948
home_001179,177.0,185.3951347897072
home_004287,113.0,148.3867511185577
home_000417,277.0,272.04640336857585
home_002617,195.0,170.80138425928013
home_000372,207.0,165.7822351538484
home_002946,195.0,203.87808718808918
home_001831,145.0,175.32586010488737
home_004328,91.0,107.46089858358313
home_001820,197.0,137.3264892039873
home_004589,209.0,169.664172377609
home_001901,178.0,176.75004103810267
home_003103,126.0,149.45735546700115
home_002228,132.0,143.7484895123979
home_003018,202.0,174.1412030978798
home_001362,269.0,247.2101943173722
home_000733,313.0,303.6303195369105
home_004162,244.0,191.8591388407972
home_003276,134.0,157.63525497124758
home_003760,139.0,141.29510761410305
home_004193,210.0,237.9994971925134
home_002352,117.0,95.43941910498008
home_002393,130.0,133.76796604980913
home_002688,231.0,232.2139618167322
home_001982,193.0,175.71280186836728
home_002138,306.0,238.41016590121825
home_005218,159.0,176.3613866518166
home_004223,194.0,189.92005361813472
home_000451,136.0,146.9944811114504
home_001146,234.0,270.40583205392363
home_004305,181.0,247.7339278300937
home_004374,245.0,186.5839630902492
home_004432,126.0,124.70341460941253
home_002776,302.0,234.63262638907815
home_000687,284.0,239.56012779222652
home_002265,145.0,162.44007728637112
home_000717,197.0,181.05388665296505
home_003188,184.0,252.61306287574962
home_002596,132.0,136.18907082035878
home_004206,170.0,182.21113840293188
home_003031,130.0,140.24269427034184
home_004091,183.0,202.19432920238816
home_000988,185.0,242.32550076769857
home_003818,203.0,206.34344511855198
home_000280,234.0,206.57909133965762
home_002089,267.0,252.1439105821999
home_000790,228.0,226.11468927247842
home_003087,177.0,199.03540732232236
home_002154,213.0,260.19150753400925
home_003221,139.0,178.72660666531266
home_003230,105.0,131.88652395724452
home_004601,168.0,146.3641281980496
home_003629,180.0,183.2307677352464
home_000477,195.0,219.95083071079944
home_004822,166.0,143.4055983069019
home_004478,156.0,181.38129264725887
home_005120,193.0,240.54102810037597
home_003716,173.0,150.9045066380837
home_001036,153.0,199.78120594473785
home_003642,179.0,173.04873929106788
home_001109,105.0,144.93412260403286
home_004834,183.0,185.05856159046579
home_003359,228.0,232.10919221143587
home_003851,112.0,119.38157080065304
home_001513,137.0,137.39756815911258
home_004755,286.0,208.9111070211044
home_001119,128.0,168.62291437304114
home_002002,127.0,181.11492499598583
home_001865,115.0,196.3284460188883
home_000464,166.0,172.04262222504144
home_003595,222.0,202.67946997428754
home_002594,168.0,202.46686183836712
home_001943,179.0,176.49707202795454
home_002068,324.0,277.14390014335794
home_004851,134.0,151.07767667147186
home_003323,212.0,242.75401792004786
home_001167,288.0,223.59741584123856
home_003430,111.0,153.96871830256754
home_001431,164.0,162.54631975296022
home_004843,160.0,163.08284258921807
home_001993,206.0,274.22497399092634
home_004554,158.0,210.5186781514189
home_001787,97.0,167.91209423927234
home_000583,157.0,156.63487840972292
home_003807,226.0,156.99362790437783
home_002629,108.0,134.0025788953378
home_002661,216.0,186.79750389012543
home_003600,191.0,237.97397342694552
home_002173,105.0,106.90304067972033
home_000047,237.0,241.762705725091
home_002974,276.0,274.3862098283073
home_001021,205.0,202.31841918911874
home_003071,268.0,210.91078240441126
home_001521,184.0,238.20267560132064
home_001720,181.0,143.24640909108973
home_005223,249.0,233.42864877712748
home_001603,251.0,241.94295638579516
home_001956,162.0,211.9897544278483
home_004258,124.0,189.83595147447235
home_005025,153.0,180.5765252093629
home_004962,165.0,192.62002430070487
home_000489,134.0,149.31020951125504
home_004256,112.0,128.3353566308282
home_004229,136.0,146.00026894948593
home_001884,191.0,185.86687286004698
home_001207,275.0,238.9738763207902
home_002348,197.0,202.91164044289167
home_002372,237.0,186.56948884955625
home_002037,166.0,201.9237947926744
home_003611,261.0,244.62559981632285
home_002060,190.0,176.00651072417256
home_001662,162.0,206.68005269679853
home_003993,253.0,222.47956316988945
home_002561,176.0,168.22276939795594
home_000990,203.0,198.25713700937595
home_003295,193.0,191.56451847178934
home_004860,154.0,153.91373502213304
home_003165,176.0,236.0327158417676
home_001055,272.0,273.4297112196218
home_001481,208.0,154.785947813703
home_004806,129.0,158.55702066686928
home_001266,220.0,188.29041335608974
home_000930,174.0,152.44856862237714
home_002003,135.0,142.94193524821657
home_002725,220.0,186.2370525187531
home_003425,152.0,182.96454983641453
home_001111,161.0,147.8053835363832
home_002632,271.0,208.7360473541581
home_002303,140.0,158.92719834933007
home_002232,117.0,140.29816373122733
home_003491,236.0,201.2870185418769
home_001360,267.0,226.95774458675785
home_004499,182.0,160.99004064695885
home_005145,120.0,140.22967050547734
home_004131,134.0,144.1429833866839
home_004981,312.0,290.88780821502274
home_004459,313.0,178.2616837270017
home_002562,195.0,276.6306279258556
home_002546,136.0,141.95646134476297
home_004159,288.0,239.65397864386009
home_003744,138.0,153.7490109717056
home_002647,151.0,157.20061502927337
home_004805,113.0,140.28832288490156
home_003404,225.0,218.16430218100427
home_000980,142.0,164.89347573166063
home_000306,102.0,144.03351218219223
home_002212,228.0,222.5254096593216
home_000753,208.0,179.01434128414465
home_003114,98.0,135.56432906975715
home_004312,148.0,151.1947501054905
home_003816,153.0,136.3384458839089
home_000044,117.0,122.68490785832003
home_002902,232.0,212.18005387396485
home_004253,167.0,199.72085884894443
home_004227,206.0,168.9975612685724
home_000086,90.0,110.84223610915832
home_000111,256.0,246.57706344933172
home_002886,180.0,149.2951033608875
home_004787,115.0,154.74728604601188
home_004088,297.0,211.9103442260948
home_001776,176.0,158.17312121443763
home_001740,192.0,193.39117108206813
home_004884,262.0,226.10495342537766
home_001841,143.0,183.4245900789721
home_002843,113.0,123.35533142826965
home_004367,182.0,236.53474978146116
home_002592,178.0,160.08084144669343
home_000470,378.0,264.68303507361884
home_001187,211.0,177.91819972872398
home_003126,182.0,151.33753855496815
home_002203,133.0,115.87431552974068
home_000908,170.0,183.85837040358078
home_001665,329.0,194.60688688213907
home_004318,127.0,154.30396998794237
home_004677,120.0,127.15434700341311
home_004682,225.0,236.50319292049247
home_003005,141.0,171.50981163780395
home_002732,165.0,167.30894872055225
home_002170,183.0,213.44053785048357
home_004063,163.0,170.64796417274465
home_000242,122.0,169.03232270828858
home_000714,109.0,139.76781131627564
home_002820,99.0,137.28816023480454
home_004469,232.0,243.1465478828151
home_001471,259.0,241.8460980320034
home_003765,217.0,228.87892764203838
home_002467,168.0,180.7750556434742
home_001162,118.0,172.60399905147094
home_003148,227.0,250.0366773363876
home_002080,116.0,140.1702725815514
home_003513,151.0,165.93661336191826
home_003477,199.0,209.7859390189244
home_001315,151.0,131.81577717005993
home_005029,443.0,283.71277356836055
home_002198,82.0,101.69489157137369
home_003932,113.0,140.95329035894207
home_004718,134.0,138.53048291991806
home_000466,288.0,269.9646849581959
home_003680,106.0,120.0157298164706
home_002584,130.0,182.26970113030822
home_000768,156.0,189.22383967551826
home_004329,218.0,129.9540585054153
home_002884,104.0,112.07691567501872
home_002796,245.0,237.8203328860946
home_003208,168.0,200.95153895047295
home_000697,256.0,211.51338517524832
home_003155,207.0,225.04490692837058
home_003715,94.0,121.01822764538011
home_000015,216.0,228.61309142050104
home_002461,103.0,135.25047686685085
home_001445,156.0,182.87393177951742
home_000429,195.0,183.3251594266576
home_001019,152.0,176.2225974384989
home_002791,197.0,245.33117346147134
home_003542,221.0,241.95869560598058
home_004277,154.0,213.73525491990551
home_000294,160.0,174.48842280097023
home_003821,225.0,261.8875282478418
home_000568,156.0,135.07174997880077
home_000812,113.0,130.08142846763593
home_000778,243.0,188.71869306149537
home_000002,206.0,162.10437273948605
home_000471,335.0,232.2229621033442
home_005109,224.0,216.97129388018305
home_000256,105.0,139.39143201473632
home_000346,129.0,143.0998287095889
home_002425,205.0,140.0504666670519
home_001138,234.0,254.33040599366
home_003865,195.0,200.13878634104773
home_005149,118.0,188.23083946077568
home_001528,178.0,168.0200704086512
home_001340,194.0,229.66988135151723
home_003388,135.0,122.15564846113014
home_002110,113.0,160.88218347406925
home_003924,121.0,159.42811031876133
home_002474,280.0,232.719791303756
home_001565,233.0,246.6466951882139
home_003772,74.0,93.60706250957908
home_001963,302.0,270.3414642029535
home_001459,193.0,220.22134148498773
home_001101,150.0,159.55469993865427
home_004810,257.0,170.86148106113262
home_003219,267.0,263.0992640805774
home_002000,244.0,176.86831653512073
home_003903,203.0,185.7914376160177
home_004390,165.0,152.74861822355993
home_000069,155.0,161.5278276316539
home_003953,109.0,144.3051126048652
home_001641,153.0,184.25951864373013
home_003309,167.0,140.97276735202024
home_002440,379.0,226.7924639388928
home_000200,221.0,237.18087150345775
home_001723,212.0,202.9297004945621
home_003398,210.0,258.78879900931395
home_002066,120.0,136.4624975659354
home_004808,166.0,148.192003560614
home_004961,160.0,144.67245608095686
home_004847,301.0,263.7836104136741
home_002151,180.0,211.3333723591303
home_004493,178.0,189.450581418937
home_003729,236.0,193.85664538329925
home_003530,333.0,227.33403449022939
home_001891,87.0,125.75306579530321
home_005154,161.0,173.25423007236157
home_003115,129.0,190.90908951762168
home_000216,278.0,210.646828855972
home_002386,201.0,214.71836352226947
home_004394,171.0,198.58922214878342
home_003862,189.0,203.04776802346265
home_001227,175.0,129.07338047450864
home_003597,214.0,196.48298393129565
home_003791,291.0,236.46057606186554
home_002771,204.0,229.81238489634632
home_005007,240.0,192.12551426286282
home_002502,128.0,136.12420284490253
home_001511,140.0,157.7790328354402
home_002945,188.0,266.1151126709432
home_000706,167.0,169.45962558198826
home_005219,117.0,106.00528165153362
home_001328,221.0,249.38480282523727
home_002172,190.0,147.97721988261839
home_002176,198.0,199.3194526654589
home_001652,148.0,140.34882721054507
home_000011,164.0,158.83288204290918
home_000626,157.0,124.56674503863042
home_000017,224.0,294.23064287367447
home_001092,136.0,196.71255934279844
home_003344,174.0,145.21238279641818
home_003004,180.0,161.4414276601384
home_005090,230.0,183.70706217773645
home_003064,146.0,191.27172056913358
home_000312,271.0,280.22314339235174
home_004759,326.0,283.98983125473677
home_002967,151.0,149.70076004919946
home_000674,198.0,211.7561271849013
home_004859,229.0,163.87347390760317
home_001923,268.0,261.2623333448812
home_002637,175.0,164.61861480146544
home_003901,162.0,157.92986890656664
home_004395,147.0,142.18854062608182
home_004245,129.0,110.67047258900509
home_002916,179.0,209.50812521421136
home_004148,157.0,220.0773326537162
home_003591,215.0,325.3534375843823
home_004978,165.0,210.52980047022666
home_004208,120.0,116.52049712766417
home_004241,283.0,257.1429570867936
home_001984,138.0,168.6471789705714
home_003802,186.0,168.75126537196857
home_002314,91.0,131.97272852750683
home_002313,88.0,111.39450474189336
home_005066,205.0,197.8790457547625
home_000874,280.0,269.3688576115859
home_001159,173.0,167.10024844056312
home_002144,143.0,148.5935393711128
home_004262,143.0,119.581198028074
home_002648,172.0,200.93387932744795
home_000187,181.0,195.62826847231167
home_000288,77.0,100.39442521130397
home_004611,163.0,226.48161007779686
home_001981,131.0,120.8534479239415
home_000918,154.0,206.05079862357618
home_000155,137.0,126.4830431540774
home_003612,325.0,239.0490109809858
home_004202,162.0,208.0394180204389
home_001295,141.0,165.73287277204165
home_001849,244.0,190.74582694376193
home_000341,185.0,214.41818033141328
home_003327,232.0,200.93458984925252
home_000979,215.0,194.83411515984798
home_002485,188.0,247.23295014458614
home_002735,238.0,227.269261440181
home_004947,250.0,298.0906839180627
home_003377,108.0,121.09232958904916
home_004200,262.0,161.324399010259
home_001377,147.0,203.9507010092389
home_002023,170.0,140.80050634402556
home_000474,151.0,173.80194541857347
home_003990,151.0,169.7290762253996
home_003016,135.0,151.14938535343086
home_003380,159.0,148.64550112242267
home_005197,258.0,194.4843617237172
home_003959,138.0,168.14459900586013
home_003758,245.0,237.59482592346697
home_002973,154.0,158.50691409421145
home_003436,130.0,126.28371361142577
home_004280,156.0,221.61722058177887
home_002188,232.0,164.9270234304271
home_002723,125.0,149.19290959871452
home_005015,241.0,233.9282878902782
home_000693,137.0,158.5314335444913
home_003756,216.0,209.55558553697415
home_001232,422.0,284.99065239719164
home_000961,374.0,326.14930575387774
home_004608,215.0,224.26350923220815
home_003527,174.0,191.37705404930418
home_001829,129.0,148.0333361904323
home_000804,322.0,296.28540579561013
home_001929,205.0,198.3402884814395
home_002294,172.0,186.68272470409727
home_001264,212.0,212.03699365066208
home_004747,161.0,172.12001894750193
home_000745,207.0,286.60625375387156
home_000900,229.0,203.51899873950757
home_001038,243.0,235.7988947219925
home_000276,191.0,235.90641769269757
home_001512,163.0,200.25871265888634
home_003478,141.0,129.6720811939002
home_002545,224.0,240.56770989612144
home_002365,263.0,285.48554517847583
home_002484,202.0,230.65110864552307
home_003824,121.0,152.58502075547614
home_004593,142.0,151.21808125400722
home_001450,142.0,104.39358735125268
home_003015,206.0,188.97034737454987
home_004726,123.0,138.83104896682715
home_000457,103.0,108.93828138410373
home_003072,132.0,174.74220762162633
home_005062,145.0,159.9384005062919
home_003808,131.0,166.8181603033545
home_000950,136.0,176.42128430183294
home_000612,159.0,177.76391713259238
home_001479,191.0,254.7351848658068
home_000038,171.0,195.29388898100757
home_001205,182.0,165.5095847733291
home_002369,133.0,137.7292322300928
home_003406,233.0,224.0270616095498
home_002059,192.0,183.8606437901491
home_003556,131.0,121.50724064762484
home_002216,149.0,155.05479005381568
home_000739,143.0,148.13821667788312
home_001074,169.0,154.2855219048099
home_000441,351.0,285.98133060383805
home_003539,222.0,231.87480776137306
home_000917,145.0,169.29350579618693
home_005105,182.0,187.03775579257743
home_002215,135.0,151.1188442499481
home_001022,224.0,229.5577613778168
home_004110,91.0,145.1606387590483
home_002948,140.0,184.12061697041116
home_002663,174.0,226.3229524217803
home_000816,162.0,138.28771136189545
home_003459,186.0,152.1806649807971
home_003277,284.0,249.13856163406857
home_004971,281.0,276.29581677522276
home_004373,85.0,129.19099435151293
home_004993,338.0,248.64307388159455
home_003938,169.0,214.31621233148212
home_000540,233.0,230.6703877759739
home_001842,176.0,173.33746319682282
home_000599,284.0,214.21033318969214
home_000146,178.0,183.61969101719023
home_000309,316.0,245.7863434960284
home_004180,191.0,203.2595428682822
home_002084,166.0,185.7764838536374
home_001044,287.0,225.20109614171287
home_002753,233.0,255.07268061321264
home_001975,197.0,206.2480935346704
home_000665,303.0,285.4029588051035
home_004612,187.0,206.58120880025044
home_004509,146.0,207.528229778312
home_004059,167.0,165.62695696209818
home_000631,113.0,157.86836176788142
home_001317,205.0,231.01170434514702
home_000392,163.0,145.1322194025727
home_000395,120.0,131.75080595301506
home_001585,167.0,170.72105142646717
home_003187,153.0,140.8241206197925
home_001904,116.0,139.2873385527197
home_000077,149.0,139.15873957464305
home_001126,252.0,190.46205684786574
home_001429,137.0,162.9050430750934
home_001854,184.0,248.1215676396489
home_000518,131.0,133.4603898889834
home_002600,188.0,196.0053254745631
home_003124,151.0,140.90173603631544
home_004345,144.0,141.20530930585105
home_004648,180.0,172.3148749042405
home_004966,111.0,198.36997818856923
home_001053,186.0,235.58473917798756
home_000585,199.0,184.46036257091833
home_000709,128.0,136.72075004101234
home_003665,181.0,246.18162572509524
home_003623,181.0,185.91140049250797
home_001632,160.0,263.58829777197957
home_003770,191.0,165.26551536838878
home_001542,178.0,135.86421220907502
home_003911,253.0,176.77043584771877
home_000064,193.0,146.0888148017433
home_004761,201.0,231.9803927925287
home_000063,168.0,166.90826179123695
home_001261,121.0,133.34285954090785
home_002638,316.0,284.11835169877105
home_001090,172.0,110.68789889479368
home_003879,223.0,170.9113033221004
home_003877,184.0,174.91444538327409
home_002960,148.0,119.35815455268389
home_002063,160.0,167.3902628998596
home_003011,187.0,208.21282174336812
home_000699,163.0,256.7423746839756
home_001699,235.0,221.5197210100953
home_000734,94.0,121.65744013413676
home_003360,224.0,216.9845667965165
home_004687,142.0,151.25375485392323
home_000082,106.0,155.96034429958337
home_002490,254.0,263.76485250280155
home_002900,194.0,241.14702444597543
home_000634,130.0,137.92008275586716
home_004807,234.0,163.66054576987526
home_001624,226.0,258.9247806452453
home_004422,270.0,268.6743886769316
home_002691,187.0,171.00294632685927
home_000491,147.0,127.78462556937804
home_004652,201.0,169.10737713835198
home_000538,188.0,192.53240738299385
home_004498,276.0,202.23649347797544
home_001246,156.0,141.11015088442883
home_003750,159.0,145.74448513916929
home_000330,176.0,215.01415526815222
home_002279,103.0,150.9040060713644
home_002161,158.0,178.57126028240663
home_000826,246.0,197.18909393626092
home_004465,120.0,134.44395030136485
home_000642,148.0,170.4027290756169
home_002677,206.0,192.56589749956626
home_004326,234.0,188.49515892299695
home_005217,192.0,144.1979584644626
home_002309,229.0,243.64400284757457
home_001439,163.0,172.65136382381573
home_001152,250.0,230.08609280386634
home_002278,307.0,222.54081199868455
home_004650,225.0,249.9169622001115
home_002088,386.0,268.1269262205077
home_003455,197.0,204.42142576706993
home_001042,114.0,114.0922424677403
home_003248,175.0,223.58501742674738
home_001575,215.0,173.2079305459201
home_005172,289.0,232.9315539811911
home_004115,110.0,154.7699252467234
home_003332,187.0,229.96697159180468
home_003161,227.0,211.60573956913834
home_004224,214.0,242.57327082767418
home_000028,263.0,187.24268981556514
home_002742,267.0,256.6150568399273
home_001649,106.0,126.41273862197863
home_002766,312.0,277.03015066786486
home_001063,256.0,224.83344650267458
home_004668,197.0,219.11448279317506
home_001516,106.0,164.348620184085
home_004692,216.0,238.7011785312361
home_002918,243.0,229.03580160511075
home_002928,174.0,219.91526721224767
home_000985,152.0,131.6566046819843
home_002433,292.0,289.9411486466549
home_001961,159.0,178.394820731521
home_003982,115.0,138.74829076796914
home_000215,313.0,246.8500839696303
home_003545,205.0,252.81749853973346
home_004596,126.0,122.34360892369787
home_004556,234.0,142.65451323025763
home_004646,124.0,156.89927041935658
home_005095,162.0,191.0171603118444
home_001763,197.0,150.43568780579287
home_004112,370.0,238.07994333348685
home_002363,189.0,181.19333937598282
home_001568,179.0,116.88711629486401
home_000984,211.0,263.767883890118
home_000204,217.0,225.97360380413772
home_000625,191.0,182.961212201319
home_000823,151.0,190.56035777427263
home_000186,209.0,164.10099144437476
home_000567,150.0,146.21512782556127
home_003288,125.0,144.48752574941273
home_001974,155.0,194.18196962143784
home_000260,233.0,271.301631967415
home_003264,99.0,119.97893818727103
home_004214,150.0,200.03000368113118
home_003867,232.0,205.56270645204285
home_001857,201.0,153.57361306545448
home_000325,450.0,322.4473400810692
home_001169,191.0,206.00550357441662
home_003049,179.0,167.71365911311267
home_000700,138.0,165.7704158581232
home_003748,225.0,189.26424781041308
home_002058,208.0,211.96738302427855
home_001141,121.0,146.44764671348815
home_002394,121.0,130.9622676917414
home_000923,185.0,210.85672198000333
home_001504,211.0,203.4628989935824
home_004778,111.0,131.94066838969255
home_001484,167.0,209.9082558805797
home_000170,174.0,187.85127434152355
home_002832,304.0,234.69537521593438
home_002026,133.0,165.30269965469859
home_005048,196.0,169.2848631396805
home_004095,134.0,123.74086739097378
home_003962,129.0,143.19136079606292
home_001628,215.0,225.81255678705273
home_002274,193.0,244.16212591261387
home_001688,199.0,237.63515462788348
home_003376,128.0,129.685376758857
home_004749,108.0,179.45717129770208
home_004350,82.0,121.99436449083278
home_001844,125.0,133.2995094694239
home_002533,156.0,167.53654735690003
home_004700,96.0,116.33213339970732
home_004891,131.0,158.4760626223424
home_002500,182.0,196.3554479919876
home_004146,102.0,118.61563340246202
home_003686,210.0,243.56079407215128
home_000208,229.0,204.86200935309822
home_004906,182.0,151.80866988380694
home_002262,231.0,159.22754239415295
home_005034,142.0,135.909880712058
home_000320,105.0,132.43489466419902
home_001281,183.0,191.4514730770532
home_004300,167.0,216.3753349979357
home_001385,170.0,192.41659881023577
home_000012,251.0,271.18758009605887
home_004798,282.0,210.07105880310223
home_004658,123.0,122.98655611069374
home_004449,163.0,190.4659287898716
home_003149,95.0,131.6392853383727
home_000854,208.0,163.21906998988473
home_001158,248.0,275.72433571673736
home_004930,133.0,159.69879186604362
home_001791,155.0,137.13271882367684
home_003980,128.0,217.70515730735755
home_000886,215.0,197.48916432191163
home_002786,173.0,178.018141621038
home_001135,140.0,210.95251017698675
home_004487,140.0,138.27051697114427
home_004505,199.0,258.1684995878021
home_003907,215.0,191.16400310930646
home_000572,265.0,208.7929038486353
home_001775,188.0,172.995063573894
home_000197,137.0,166.49486827269266
home_004500,291.0,285.5132334082057
home_005125,264.0,234.56210284223855
home_000349,173.0,173.830025376616
home_001839,294.0,282.19939479417445
home_000751,153.0,217.46361360264808
home_003364,167.0,160.67729202617423
home_001214,308.0,209.7671311091298
home_004638,148.0,146.03790507291347
home_001473,227.0,202.04164465333253
home_002417,171.0,220.50016012113534
home_000472,167.0,184.27716368740465
home_003641,103.0,115.84095097057875
home_004043,157.0,157.51340639352128
home_005081,345.0,274.4828482320339
home_002447,173.0,215.20841412817066
home_004492,159.0,141.43332140737317
home_003310,107.0,115.42844413433217
home_002308,167.0,177.88945323100847
home_000282,149.0,160.47847352096136
home_002403,168.0,173.74743501635913
home_004376,183.0,180.06805918025955
home_001909,132.0,145.08771021556066
home_002462,332.0,245.87925976328643
home_000531,189.0,185.7031184059021
home_000307,121.0,159.5359894386411
home_000802,205.0,182.36826457577556
home_001811,230.0,179.78838026464206
home_001719,115.0,167.26482382454122
home_005078,255.0,270.9092319502256
home_001762,316.0,247.5179524904691
home_001456,171.0,238.70799425995918
home_001532,248.0,222.77373652663266
home_002164,116.0,134.63519227876193
home_001948,261.0,254.4478126750098
home_004047,326.0,295.74904484174397
home_002964,114.0,181.6285817276224
home_000229,113.0,164.83465685098483
home_002317,163.0,128.21223939100673
home_001882,127.0,160.3568039330114
home_003601,184.0,190.38004114272897
home_002148,188.0,149.92386575636945
home_001438,163.0,152.59660141856912
home_001039,205.0,236.8002218055178
home_002551,168.0,163.00046594276384
home_000902,185.0,223.0420680732915
home_003252,150.0,128.82637770226688
home_000740,202.0,271.979080156338
home_001519,115.0,135.75474502536565
home_004384,171.0,186.53095224891635
home_003961,142.0,176.3836197978872
home_003552,242.0,213.17139241925335
home_002903,181.0,156.03335767878235
home_004621,216.0,270.85018129360986
home_000350,118.0,195.8724372574146
home_001392,178.0,137.53405716922538
home_004497,234.0,235.2407121817664
home_001435,153.0,202.41417258352084
home_001660,137.0,128.43287590434576
home_005204,94.0,145.15226488174562
home_001017,178.0,172.61706019898185
home_004858,160.0,218.37844095978647
home_003099,210.0,242.41874565333032
home_002587,159.0,194.05648160496588
home_003446,118.0,162.97788121508137
home_004092,246.0,219.75743337760457
home_002129,134.0,139.51769482970116
home_000298,217.0,253.16552577935187
home_000527,201.0,220.92769722578635
home_002032,193.0,162.9769653853134
home_000983,254.0,248.49020238452863
home_004281,182.0,153.3164076773399
home_002654,154.0,166.54059771962628
home_002416,244.0,246.07227237519973
home_004522,204.0,207.71924915696434
home_004850,170.0,146.7769432140674
home_001388,141.0,135.05796837376488
home_003181,200.0,143.85954077331962
home_000935,208.0,200.08871863489196
home_001994,192.0,195.16571461243603
home_001784,200.0,171.2652852893449
home_000292,259.0,293.0731124185974
home_000443,159.0,174.074253626198
home_000100,192.0,228.4022599853456
home_003200,134.0,149.6201210143741
home_002689,293.0,225.54892468815729
home_002472,183.0,146.495703367313
home_000570,130.0,153.70009441546003
home_003522,276.0,155.31301739621202
home_000233,204.0,236.43841154293594
home_003487,224.0,211.9653368105306
home_005004,210.0,206.5306299399643
home_003984,200.0,156.08138846086268
home_004085,199.0,155.965863118762
home_003567,177.0,146.1657193919411
home_003195,163.0,125.87906845465704
home_004121,377.0,278.73145322753896
home_004139,194.0,157.70396394715794
home_004674,346.0,270.6934250736465
home_000188,116.0,140.39276838276575
home_005201,132.0,127.81556068080916
home_001567,175.0,173.8928199015884
home_003578,134.0,209.3542886208997
home_000603,97.0,119.93022742256346
home_000381,133.0,194.90631627089653
home_001253,226.0,174.17512911585698
home_001457,116.0,134.28220763233637
home_003271,170.0,131.97900543051028
home_001498,278.0,235.44568437001655
home_001260,202.0,187.51582915197514
home_002981,237.0,231.94237607769588
home_003943,243.0,204.19168302861425
home_004584,145.0,182.401762814024
home_001007,224.0,187.18313413077928
home_002096,228.0,206.46339935043179
home_004508,131.0,166.22568131613718
home_004564,195.0,220.122489676416
home_005140,253.0,227.29285928617279
home_004893,185.0,224.1015039607923
home_003712,119.0,152.91209359724863
home_001518,186.0,219.26262251395656
home_001442,201.0,120.57603841595638
home_002922,142.0,170.63110727794066
home_000080,289.0,250.83261093197837
home_000644,127.0,196.693357416075
home_004316,235.0,243.3562277291996
home_002936,111.0,135.19922470925403
home_003085,141.0,160.97125840182608
home_004453,159.0,148.19697990632062
home_004082,200.0,190.55180346317294
home_003227,148.0,158.61238321366073
home_003047,176.0,245.9411166430302
home_001747,258.0,211.53347903800113
home_003555,146.0,168.63913175838672
home_003815,176.0,148.96353061820668
home_001247,313.0,253.57932357887714
home_005085,122.0,139.955150042134
home_002910,215.0,172.2720687888225
home_005009,129.0,196.26163961325076
home_002877,182.0,206.41222526124136
home_001821,323.0,233.30254359848178
home_004921,212.0,192.16478482111756
home_004077,193.0,261.22940279910586
home_002847,122.0,135.22411714837872
home_003881,155.0,155.55653345641258
home_004697,311.0,224.48408583891035
home_001497,116.0,124.97798345727537
home_004617,130.0,147.09050256966265
home_001623,98.0,126.4693935571994
home_000018,120.0,123.43845543298325
home_004837,270.0,223.10103499600325
home_001543,270.0,211.9292820963356
home_002052,193.0,158.664944424222
home_002422,197.0,231.65773955176448
home_000227,205.0,233.06687900618755
home_005183,216.0,166.82084910797775
home_000712,108.0,121.16258165121656
home_004715,135.0,170.85898707303275
home_004909,141.0,161.59424269930082
home_000703,117.0,128.30763824225176
home_001777,173.0,199.49347619704508
home_000448,237.0,204.08317466856812
home_001686,276.0,250.9973077018568
home_004118,265.0,238.54706098794247
home_004468,148.0,215.7833633383604
home_003571,295.0,281.45937021459014
home_003613,122.0,206.5935498025659
home_000060,186.0,165.718057114011
home_001815,269.0,200.09411769446257
home_002106,306.0,268.27623972079283
home_003156,210.0,149.9094961542477
home_003550,230.0,130.24848318668046
home_004314,222.0,238.8130041130925
home_002489,197.0,246.07665721951247
home_000184,190.0,184.24921844178735
home_001629,279.0,232.95163011224525
home_004021,213.0,187.28013711297677
home_000025,260.0,277.22986472822976
home_002534,380.0,286.246318308819
home_000569,216.0,233.5427843320981
home_003889,288.0,241.62459819976482
home_003989,177.0,231.5507277391547
home_000638,146.0,190.38793659224655
home_005222,116.0,141.78372104675827
home_003235,257.0,233.4597539258709
home_000264,65.0,93.05296692641792
home_003543,199.0,198.0657992624636
home_001025,235.0,244.9273546233366
home_002254,163.0,158.63184402489912
home_002181,210.0,245.318174577357
home_004051,244.0,245.49191743156499
home_001052,168.0,161.92125556027486
home_001596,192.0,218.30208712981678
home_004670,223.0,257.48767534740466
home_001270,110.0,120.68532634244346
home_002603,257.0,172.596291064554
home_001973,279.0,223.04150024533425
home_000516,262.0,200.52735933424376
home_004276,124.0,112.52551541298867
home_001219,223.0,255.76385610748198
home_004997,171.0,155.50509775802243
home_004472,111.0,189.48942060083837
home_005056,170.0,185.00421191691794
home_000042,118.0,147.88619201163908
home_002676,254.0,170.26489413736007
home_005122,242.0,240.83533484365614
home_004607,182.0,185.21455575153777
home_003839,218.0,256.403738672843
home_002346,266.0,155.55803767776862
home_003553,115.0,95.89060704057361
home_000071,125.0,170.7382514828241
home_000609,372.0,246.58351676648053
home_001213,160.0,178.81068854991923
home_000648,141.0,141.3464224570095
home_003070,181.0,195.41478679090048
home_004903,197.0,303.25401864855627
home_003268,260.0,197.86969432944832
home_000310,320.0,253.26272648183036
home_003599,105.0,120.54863610600688
home_004667,83.0,98.54562698480419
home_004784,179.0,164.47944391195097
home_001702,176.0,190.86015065754495
home_004984,130.0,128.50918564329766
home_003604,219.0,164.1573407779342
home_003895,199.0,167.19177124287128
home_004416,246.0,210.67116081268765
home_004503,237.0,214.4491802452667
home_000390,158.0,134.86364679472243
home_001502,149.0,172.9155343120087
home_000179,143.0,175.70248826360472
home_001061,222.0,139.45388693380875
home_004083,186.0,237.26233847952545
home_004786,271.0,287.1626236700015
home_001553,192.0,191.95755493976662
home_000956,182.0,246.48077175136646
home_004802,86.0,128.95112382327824
home_004040,230.0,309.3984679640177
home_002875,183.0,198.07200288689958
home_003179,248.0,233.78074702854644
home_002227,176.0,206.31918006307512
home_001630,170.0,242.6472472657012
home_004022,210.0,176.82392081346234
home_002515,308.0,255.82168073808168
home_000418,198.0,140.65721877247995
home_001523,205.0,182.95514056944853
home_001054,131.0,146.3567997947622
home_004236,349.0,265.29497725786393
home_003884,169.0,168.5919850052701
home_003408,163.0,227.80325008558953
home_000869,189.0,207.36908107632448
home_000725,138.0,135.17584434338306
home_003422,148.0,159.51011880679013
home_001690,223.0,158.18568643573172
home_003593,180.0,193.26144157077732
home_004565,134.0,126.04120557095223
home_001076,126.0,132.42229401331625
home_002132,328.0,269.28846726731194
home_003485,131.0,197.0200224509811
home_000925,179.0,223.73082121406057
home_001262,304.0,278.9643488236367
home_002775,177.0,162.32356732490152
home_003158,150.0,162.20651526070708
home_005234,188.0,153.689699422771
home_001216,168.0,171.65849388901046
home_000149,209.0,187.68351473062694
home_003922,170.0,157.71515312176064
home_001375,181.0,213.21251092388184
home_000618,186.0,159.52284685087957
home_001288,122.0,199.95223897601338
home_003202,190.0,230.65137359299382
home_004628,161.0,160.8303819588894
home_000023,116.0,109.096711455007
home_002439,160.0,138.76671250855676
home_000467,281.0,250.98384055482825
home_001190,180.0,187.41410221722435
home_000815,158.0,153.79873017117404
home_003206,166.0,214.82565951241006
home_003145,174.0,154.39709760926235
home_002033,199.0,184.65815535427433
home_000089,231.0,280.79079636114267
home_000425,169.0,175.99572708396406
home_002999,256.0,236.0812502102083
home_000456,235.0,161.42580196865384
home_002246,209.0,248.17818651026
home_000271,187.0,205.93942914669398
home_001168,192.0,119.44283642634974
home_004696,169.0,131.4033831989453
home_004240,266.0,246.46192679522
home_002957,182.0,156.26898821260096
home_000617,178.0,190.4470496094125
home_002306,130.0,136.69745282573615
home_000701,315.0,272.3870832175093
home_002395,314.0,268.6352085390347
home_001171,186.0,284.4325916352119
home_000944,194.0,152.47392473253856
home_002872,192.0,186.63117710671528
home_005073,122.0,154.36140411155964
home_001683,352.0,201.44958172513896
home_000597,152.0,162.12877166123224
home_003331,348.0,280.86224299581147
home_002493,131.0,133.41250246834255
home_003861,276.0,287.175761712415
home_001584,362.0,270.0877389143323
home_002442,185.0,155.8911436895239
home_003645,148.0,225.47184250541645
home_004782,158.0,177.30148157812556
home_004833,152.0,204.16124441280147
home_003494,164.0,168.21881909012873
home_002985,203.0,183.753615386415
home_003120,113.0,164.6388760711769
home_003499,89.0,105.72460449620054
home_004246,214.0,192.03205699313304
home_000857,186.0,250.60158274813782
home_002630,159.0,206.84797907634888
home_001894,159.0,180.22991077302171
home_004457,192.0,151.64332574607567
home_001081,108.0,113.4276165113921
home_004632,189.0,231.86044007934655
home_001112,232.0,282.63526651087244
home_001515,181.0,183.34980025603167
home_002765,249.0,198.5118992709018
home_004201,125.0,122.80296291969059
home_001114,159.0,213.4758829916313
home_002621,227.0,205.68547743367492
home_003211,191.0,186.4581661166541
home_000947,339.0,298.27150407813497
home_001352,104.0,147.9518573713402
home_000787,160.0,180.25074577620916
home_000520,192.0,196.34343140880932
home_003574,279.0,211.54736569349794
home_002867,172.0,176.09636197419152
home_002475,178.0,188.10422999713623
home_000853,171.0,200.82000211507645
home_001051,157.0,130.7729966897829
home_002856,92.0,148.46544256764943
home_003354,238.0,228.6490122562825
home_003635,109.0,161.40793580382876
home_001619,181.0,175.14779671258668
home_002223,75.0,113.29639255297432
home_003118,205.0,211.51511386339814
home_002667,293.0,228.33606184119418
home_000601,379.0,287.9101091517447
home_004413,277.0,249.60139728704274
home_001878,264.0,279.47222155676576
home_003337,239.0,253.16701031518915
home_003089,154.0,141.58816628211196
home_004654,128.0,143.50664895560962
home_002536,268.0,207.24254867012547
home_002192,294.0,254.98908992356488
home_002933,155.0,170.91224507574879
home_005092,188.0,172.3289617641382
home_003740,126.0,132.47485772832331
home_004295,140.0,165.150974371557
home_004174,146.0,110.27336100218434
home_000870,104.0,132.18434221463502
home_004762,143.0,197.27463362393
home_001343,104.0,137.39593821078282
home_003915,132.0,142.70462388970043
home_003803,215.0,199.68542943339884
home_000401,111.0,136.89033265490758
home_002897,216.0,238.112488521435
home_000356,251.0,243.47084233604556
home_004450,249.0,315.36719032653525
home_004988,171.0,209.4389532897425
home_001464,159.0,211.10039006264145
home_001816,246.0,237.6132308445703
home_003218,338.0,287.8509381733054
home_004066,254.0,179.98695917709094
home_001276,203.0,211.70996017510578
home_003134,161.0,146.59034466716312
home_003413,173.0,161.49259362861991
home_001284,178.0,172.78679514219647
home_001931,212.0,228.42546228029002
home_004690,141.0,148.98787114300282
home_000163,163.0,168.4114475842992
home_000590,151.0,129.86410113324695
home_000755,343.0,295.27302227485285
home_004320,183.0,258.416934613283
home_003113,215.0,188.58280083897523
home_002788,301.0,216.29703019044538
home_004265,262.0,248.48739972615186
home_003929,170.0,180.16317247240403
home_000050,227.0,139.167795983014
home_003628,161.0,222.93734658242042
home_004443,231.0,189.60302627283005
home_003174,217.0,220.61819610816346
home_002809,167.0,191.77246297656026
home_002889,310.0,297.1026193648054
home_002437,240.0,150.14586180078692
home_003786,141.0,139.47143112542136
home_002273,112.0,130.26273299761584
home_003596,108.0,158.90175816278443
home_003896,201.0,206.16383927054977
home_004263,307.0,226.6430320770519
home_000927,131.0,143.9795272713502
home_003026,150.0,206.60965303096333
home_001426,163.0,229.92145389851117
home_000738,158.0,158.2347107992332
home_002905,187.0,166.72516979669996
home_002866,144.0,166.58888252083423
home_001269,131.0,130.66795796318817
home_000269,180.0,233.2121844251084
home_000541,135.0,139.74902432951302
home_003797,208.0,142.53680380829906
home_002835,146.0,175.36421679543113
home_001708,150.0,130.0655603233464
home_002092,151.0,132.67116690752653
home_004286,270.0,206.35078933360467
home_000786,184.0,218.53002730982553
home_005163,240.0,204.97500222631925
home_000797,195.0,182.68578069152576
home_002438,215.0,182.55084638551352
home_000006,279.0,246.59197519822303
home_002827,282.0,249.83707563946243
home_003859,185.0,260.84135435383394
home_005225,225.0,163.49526747001474
home_000635,324.0,287.30070964480717
home_002724,182.0,164.24310760359145
home_000209,201.0,203.518904355898
home_001336,193.0,199.6236527943008
home_004892,173.0,186.95051006384838
home_003620,171.0,129.716470718199
home_002127,350.0,211.09670033217188
home_001166,139.0,172.30035686014295
home_000311,173.0,123.9653579067235
home_004605,161.0,152.8971906893074
home_003617,143.0,129.84345995872167
home_002319,75.0,117.45086088568695
home_004939,179.0,208.83609898507797
home_004485,144.0,166.47365391770472
home_002114,258.0,224.08816324038753
home_003177,286.0,213.0584686902753
home_000589,202.0,221.6547439298645
home_002065,108.0,156.69860668949073
home_001094,202.0,224.48563721978707
home_005018,250.0,232.6427019601967
home_003067,235.0,168.80326438041658
home_002326,129.0,107.81834499935971
home_001237,147.0,201.11300486535788
home_000907,158.0,170.89918689730916
home_003701,258.0,277.6504496858521
home_000892,189.0,222.81715257547697
home_000213,201.0,243.46961728230193
home_001009,276.0,213.10106615959734
home_002744,188.0,213.2144085307388
home_000484,253.0,269.83409474962446
home_000951,165.0,138.49769879826493
home_002626,292.0,289.23313574423946
home_001709,133.0,197.5385134465036
home_003228,124.0,141.9757969415262
home_003534,215.0,175.27872528421088
home_001932,112.0,161.00885125477748
home_002713,120.0,152.09532696920476
home_000877,200.0,139.59278977730057
home_003383,339.0,264.2368449046144
home_002739,138.0,144.32959207103022
home_000180,241.0,219.99036983107607
home_004549,403.0,246.90906987672736
home_000169,176.0,160.08736395952667
home_003198,209.0,218.28982147660142
home_002384,207.0,244.65500801865494
home_004534,197.0,211.36888261982756
home_004821,309.0,188.814487348301
home_003657,239.0,201.92741916396682
home_004994,148.0,236.02695079968703
home_003257,143.0,175.57581900784677
home_001065,129.0,184.25956319484297
home_002022,231.0,203.4446979936272
home_004827,215.0,166.44617774006167
home_002818,270.0,271.5662708845532
home_000394,185.0,150.88508388441164
home_004058,180.0,220.37378009067376
home_002396,159.0,146.55908549901704
home_003107,162.0,186.83003942381214
home_002743,256.0,230.75979865098896
home_003521,291.0,274.7124269677479
home_003902,155.0,150.8521378122058
home_001320,104.0,137.6879353222544
home_001001,232.0,165.18322186046504
home_000068,274.0,216.86768351819634
home_001325,100.0,128.2233165491067
home_004032,295.0,188.66155737504718
home_002649,146.0,156.77697703050825
home_002323,271.0,282.62870725876826
home_002069,111.0,150.92048147272845
home_004583,149.0,172.37366280097768
home_001147,94.0,140.6327719057628
home_002099,276.0,239.31229024430564
home_000148,96.0,117.63132191357242
home_004136,153.0,173.58364324913603
home_003531,210.0,201.5791825670423
home_003792,261.0,235.69747507808512
home_004523,183.0,200.32373799917056
home_002045,86.0,121.45365559077852
home_005099,285.0,214.18154895059982
home_000218,107.0,130.59770478747396
home_003438,100.0,151.4247199497487
home_004248,172.0,160.1559931443349
home_004585,121.0,114.3400078094399
home_002991,307.0,237.39990892127068
home_003464,138.0,164.7608587412639
home_001837,100.0,100.1131472665377
home_001866,189.0,170.00790628495295
home_003032,112.0,112.51276540318335
home_003372,148.0,189.09914434854744
home_003028,228.0,199.69067273169364
home_003559,226.0,189.57619652357857
home_000005,139.0,106.51281851500651
home_004599,115.0,115.15457406501842
home_004902,146.0,244.42247721537893
home_004199,105.0,109.20240668641743
home_004752,136.0,148.21759910035183
home_000692,147.0,164.8779605608053
home_003132,372.0,247.8365105929189
home_000783,126.0,165.25888447636888
home_000997,125.0,154.53837432266175
home_004364,135.0,136.045146039011
home_000627,183.0,179.16542960855088
home_004055,246.0,227.3514804933161
home_003666,138.0,154.6689688004255
home_002557,211.0,250.3842404725595
home_001220,138.0,148.2093729666961
home_001366,233.0,251.2556901122428
home_001208,192.0,186.88144225633647
home_002392,129.0,119.25522297629378
home_001000,212.0,241.51011079749705
home_004671,241.0,239.13515089597493
home_002135,256.0,217.10958950137052
home_003209,98.0,163.40849843939264
home_003317,199.0,205.49453564836037
home_001326,191.0,214.93171765770674
home_003935,208.0,281.0280415837363
home_003274,180.0,195.36667313328476
home_004875,261.0,212.6069650867783
home_003357,178.0,138.54998979497415
home_003020,188.0,212.11784412506506
home_002702,260.0,215.16521675601928
home_002424,251.0,257.572469854524
home_001825,244.0,273.57459731092797
home_005229,134.0,137.52184210301078
home_000856,117.0,121.1943849782808
home_000087,153.0,203.53539883505582
home_002445,162.0,180.87489595246007
home_002834,168.0,152.1397325370392
home_001117,146.0,163.58956910609706
home_005017,189.0,170.3044828400658
home_004754,128.0,140.91844051172228
home_003249,216.0,189.02455616979637
home_002993,189.0,189.2046725998307
home_001773,114.0,127.32425374405248
home_004388,132.0,142.59514582136936
home_002756,180.0,169.669247707133
home_001005,181.0,174.2408989081823
home_004627,139.0,146.09213559173878
home_002778,158.0,187.8191577021405
home_001425,123.0,133.1246164060167
home_000054,111.0,130.62261779993298
home_003855,147.0,142.83693296909476
home_001411,140.0,120.76050896939498
home_001843,130.0,135.62436328235603
home_002057,238.0,247.5317213822356
home_002104,91.0,122.17398676867069
home_005052,221.0,198.52245739096517
home_002527,332.0,271.01526803073784
home_001703,299.0,326.50012790208643
home_001462,123.0,136.90913633420286
home_000819,113.0,132.70650830297592
home_000393,237.0,268.47126297172395
home_001364,244.0,236.2765656483933
home_001358,102.0,131.01550349915922
home_000403,287.0,271.9638026038727
home_002927,231.0,214.78936423753646
home_004661,248.0,234.0591558740793
home_001501,120.0,159.99123179811897
home_001337,210.0,224.87971744005972
home_002848,304.0,239.45523678532103
home_004644,85.0,105.05901481902222
home_002797,190.0,195.99671347908486
home_002589,146.0,195.6925256235318
home_003995,107.0,141.5630337629747
home_002646,175.0,184.14218870503112
home_002419,105.0,128.3859155508628
home_000053,176.0,187.7982652814243
home_003835,157.0,187.08131203286393
home_001669,199.0,185.96201831753143
home_004429,121.0,144.30705298014686
home_001620,114.0,143.01305886484454
home_003957,129.0,118.14437748718093
home_000290,106.0,136.58052256543274
home_002044,183.0,175.9506552267311
home_001319,94.0,128.01837975009545
home_002961,205.0,255.228360097188
home_004188,190.0,238.67308569852634
home_003263,280.0,221.22473249486762
home_000125,144.0,130.4821578720698
home_004987,179.0,150.78005974843717
home_001771,142.0,155.97259068325505
home_000885,218.0,157.68990810426277
home_000493,220.0,125.20688259594587
home_003412,290.0,226.72256201664413
home_001711,223.0,227.0709510670448
home_001850,271.0,176.7099856358365
home_004323,194.0,149.1321202618042
home_004538,125.0,135.63749520769153
home_001331,141.0,160.113650118308
home_004455,262.0,274.17339989481906
home_004795,142.0,191.41532660048063
home_002242,167.0,164.51065883672374
home_003651,198.0,182.1343575145403
home_005023,105.0,143.8022804223319
home_001715,180.0,149.5407525017273
home_001127,182.0,245.62880641428245
home_004017,200.0,209.11459225027127
home_001680,113.0,167.65275487000488
home_005026,132.0,141.126161510845
home_003146,227.0,215.901335320318
home_000127,146.0,153.3837208544704
home_000408,270.0,230.25147646185616
home_002353,342.0,234.08495303710257
home_002196,185.0,184.48460218538128
home_003575,183.0,287.9686661127721
home_002503,155.0,165.56989056748603
home_000875,111.0,173.65258016422837
home_003088,268.0,222.8037791528651
home_002917,296.0,227.82438381365844
home_003523,144.0,153.70591022181083
home_000945,86.0,121.48878350679001
home_000789,164.0,145.82381748810377
home_004602,223.0,151.25906339461133
home_000548,183.0,240.6274164406368
home_004433,386.0,267.02456087050166
home_003757,125.0,136.29778192942302
home_000840,360.0,259.7220662401263
home_003440,185.0,217.14243910328483
home_004409,200.0,172.62703198763904
home_000296,191.0,202.98403871314002
home_001627,223.0,243.00900583177145
home_000827,163.0,162.67509611624817
home_002795,182.0,215.01501350710365
home_004333,246.0,310.48956259991854
home_002345,172.0,178.74152549492356
home_002234,117.0,134.35857902735677
home_001256,257.0,230.69087174529213
home_004514,138.0,154.22068753043504
home_004606,145.0,167.36206095268437
home_001724,101.0,142.34712887245755
home_003261,143.0,163.32006258379064
home_001073,114.0,139.42015349406972
home_002978,162.0,179.68257509393356
home_002678,339.0,222.70779526065874
home_000021,110.0,107.41839683718035
home_002954,130.0,190.5662619847397
home_004694,237.0,272.97467154311585
home_001384,299.0,197.35511874232768
home_004293,258.0,273.665969012323
home_001834,125.0,133.7418353122369
home_004045,120.0,160.4282952280691
home_001591,122.0,116.51781908068074
home_001209,191.0,151.08551827382772
home_002805,106.0,160.20958578470697
home_005194,146.0,185.91195583144864
home_005210,221.0,212.71075654362136
home_001578,277.0,293.69846047308374
home_001321,126.0,177.57692482114393
home_002863,169.0,180.9585926198572
home_002895,144.0,141.0759435903306
home_003590,305.0,267.4354978257494
home_004558,194.0,176.31320839350514
home_002028,177.0,214.94607422343682
home_001420,126.0,153.2550687873686
home_000677,198.0,179.2249799865996
home_002074,223.0,209.22248655823864
home_004164,173.0,174.5662064546613
home_004772,147.0,139.61458328712393
home_002966,235.0,199.3407272391668
home_000391,167.0,215.01107264438855
home_000653,95.0,120.87760412382943
home_005044,127.0,130.82563390785947
home_002452,152.0,146.0596328417766
home_002340,159.0,144.6178013798774
home_004530,140.0,217.49470039588942
home_000490,104.0,140.03678922880675
home_003979,96.0,116.23239321548776
home_000671,161.0,149.14002502583918
home_000862,133.0,183.64407851652402
home_000031,200.0,155.62598034952174
home_000262,126.0,101.92242943417311
home_002783,188.0,246.1997012742222
home_002882,141.0,135.83384161210898
home_003781,171.0,205.51042254504947
home_005055,128.0,132.26365740246086
home_000056,144.0,182.03340561308485
home_002010,249.0,279.4553336047262
home_002112,294.0,323.68815077653346
home_001832,138.0,130.6703617366727
home_003811,203.0,226.2738177847736
home_000771,154.0,212.1758500863931
home_001617,331.0,282.76290093440184
home_002675,174.0,161.00356857704674
home_005010,136.0,160.60138624800916
home_003672,172.0,150.7466445363129
home_002553,104.0,143.57148262936406
home_003731,118.0,182.1014621732567
home_000279,150.0,158.8633922517196
home_002555,113.0,157.06864498140934
home_001373,160.0,163.99765208482987
home_004885,251.0,247.72470407726945
home_001836,124.0,137.46389725105143
home_003570,90.0,149.69169077646734
home_000897,168.0,211.5544026411382
home_000963,160.0,139.26579854963916
home_001130,122.0,136.0373883502473
home_001995,125.0,147.47520021656305
home_001808,119.0,134.44747342950137
home_003921,213.0,245.98816063808755
home_003415,349.0,320.7577916343206
home_000708,269.0,252.7676955558266
home_001491,133.0,134.70804495746256
home_003299,148.0,209.07412952582928
home_002397,309.0,258.2115780825111
home_002078,95.0,136.4189569549705
home_000019,192.0,206.48449763667224
home_004572,149.0,178.41778369279234
home_004024,111.0,148.1026249657002
home_004800,175.0,243.03350489796097
home_000510,236.0,176.0408021948916
home_001004,145.0,164.89299221477683
home_002695,146.0,144.52841646638947
home_004979,241.0,194.1401472224248
home_004977,239.0,287.34106737774016
home_003872,154.0,150.43388330362768
home_003022,135.0,148.43884802577918
home_001395,165.0,163.05259724164785
home_001656,259.0,226.62819169697272
home_002376,121.0,177.4937104067431
home_002316,227.0,215.95328287036773
home_003242,127.0,178.56841651175708
home_001422,222.0,147.4495020352976
home_001398,150.0,165.9608339904293
home_002451,354.0,275.79798094566786
home_001958,112.0,145.78571766636074
home_000654,175.0,177.40002819722076
home_001814,129.0,130.93709293812688
home_001930,170.0,194.3110048924221
home_004673,244.0,237.58936152745324
home_000355,217.0,224.17281297174588
home_000247,145.0,179.56655226338697
home_002850,141.0,110.06019226401004
home_000793,140.0,156.34725787036407
home_002166,103.0,122.5145566967428
home_004023,200.0,210.04550176252968
home_004741,188.0,161.0339536094664
home_002686,138.0,128.6918653898571
home_002508,190.0,258.13957411417186
home_002147,158.0,140.38462455612424
home_000014,117.0,123.24428615280986
home_000735,113.0,165.26147665284265
home_000110,117.0,151.0596115907519
home_000876,123.0,184.2229219156667
home_001730,121.0,118.79981939821083
home_002657,230.0,225.16954199826526
home_002167,135.0,190.37478497919506
home_002565,94.0,121.23444713265182
home_000849,208.0,177.1013531755041
home_003828,242.0,214.27931155773274
home_003077,192.0,205.986161205359
home_002658,231.0,140.9612944458516
home_002276,217.0,224.1445728279644
home_000207,134.0,180.57108679695688
home_001818,278.0,257.0404317018179
home_005124,95.0,145.2546811713142
home_002468,134.0,175.4874424063225
home_000331,243.0,261.21253302651434
home_000112,266.0,244.2952762261162
home_000779,150.0,161.8416835066843
home_004380,235.0,178.9770405250974
home_003739,97.0,121.06678091073007
home_003647,106.0,156.60847443324042
home_000873,124.0,132.0321543129205
home_004989,291.0,209.555512313072
home_000991,200.0,153.95387530659852
home_001571,201.0,191.95732325353717
home_004108,131.0,153.48461627210293
home_001202,104.0,130.11569609409156
home_004943,323.0,228.4381443765889
home_003500,182.0,182.82919496462412
home_001115,147.0,163.34974090811536
home_003386,202.0,186.77719855042778
home_002906,143.0,152.27618283799177
home_004355,273.0,224.19891946252568
home_000084,163.0,110.88285887178573
home_003583,148.0,139.61517227880387
home_003465,152.0,180.78425382770178
home_001056,174.0,192.8494477635197
home_004133,266.0,258.0609746110981
home_004801,449.0,310.84115519861876
home_000847,119.0,151.06912756685105
home_001177,170.0,217.04163126456433
home_001307,204.0,170.29156095987284
home_000487,272.0,240.1890698421104
home_003435,161.0,104.9721147900628
home_003581,114.0,171.915585005628
home_004310,259.0,243.07265822256568
home_004127,235.0,219.34181716770888
home_000036,140.0,148.01359136038877
home_003042,148.0,119.02613124138963
home_000450,141.0,178.14337504167034
home_002177,387.0,270.88621037566924
home_001386,323.0,240.46734802612016
home_002385,156.0,170.67037820099475
home_004294,174.0,153.1038455522425
home_000438,258.0,261.78177671033643
home_000553,240.0,289.46655441351663
home_002929,162.0,199.0430918096674
home_004176,287.0,245.05294545180485
home_000478,195.0,142.10961327475013
home_004825,105.0,152.11772128248444
home_004426,185.0,151.9746762940179
home_002986,251.0,246.1804839567617
home_001069,117.0,138.1586393722956
home_004709,178.0,242.8073208878781
home_000492,148.0,177.81097557504157
home_001695,176.0,161.18986446252893
home_002137,175.0,129.59925175411982
home_002081,147.0,145.9903469483338
home_004686,182.0,161.62813972281637
home_004412,147.0,169.24821192591227
home_000647,174.0,164.67191918974333
home_003823,168.0,177.49444077709123
home_004037,113.0,149.69030302874447
home_004448,198.0,256.48506802881593
home_001188,169.0,188.6221756360756
home_004744,241.0,179.94137343306076
home_001659,192.0,221.2800857701334
home_002293,191.0,155.1621121513906
home_001531,278.0,281.81901894565954
home_003468,279.0,251.51233483864445
home_005067,106.0,147.02574926404913
home_004922,279.0,192.09112592069812
home_000729,164.0,148.7917026847344
home_002357,136.0,116.8329266121497
home_002692,154.0,176.18787759016925
home_004714,189.0,179.99084510286002
home_004000,402.0,273.68446585395264
home_000655,292.0,301.3491429811565
home_002373,261.0,250.62598190549585
home_004198,167.0,172.38111711689578
home_000130,194.0,179.47480996603153
home_000888,159.0,148.44005999640945
home_003166,116.0,130.36193080106807
home_002919,270.0,242.27369758335104
home_001914,202.0,195.22547853108975
home_001803,129.0,132.9642280508629
home_000607,162.0,181.23315593592383
home_004923,109.0,129.97591335866895
home_000318,161.0,225.81531571134897
home_000076,129.0,170.81233461337877
home_004870,162.0,153.90053714436283
home_002284,147.0,191.66371849067275
home_005002,128.0,156.31680619808492
home_005038,120.0,112.47608381981017
home_002285,182.0,208.44661114833428
home_005075,382.0,281.2958968153988
home_002666,198.0,234.60973454466478
home_004546,123.0,148.43742046537682
home_004016,181.0,199.86781767770944
home_003910,211.0,253.43751014875858
home_000613,253.0,257.1924282927299
home_004368,212.0,189.53118377685317
home_004237,121.0,179.31446188079423
home_003582,303.0,187.36140607192266
home_000045,74.0,121.94004019439235
home_000407,104.0,129.12226446765845
home_004321,345.0,262.90861170448113
home_003102,151.0,175.1608873680227
home_003999,220.0,215.82214801986737
home_004217,190.0,224.84070217188474
home_000610,147.0,142.38632332788555
home_001945,193.0,157.66810680868315
home_004954,132.0,137.64107857765356
home_003893,133.0,182.59890771480383
home_003554,217.0,218.70512828701547
home_003374,170.0,181.9013638887663
home_001173,116.0,126.65494744903992
home_001334,114.0,120.92678924347175
home_001918,314.0,216.15120773799984
home_003619,106.0,148.5913133833344
home_001947,105.0,125.66524940037357
home_002315,148.0,120.81983547045661
home_001906,361.0,244.06548289285183
home_000182,255.0,215.53021433917564
home_002236,170.0,178.50413210728726
home_002580,198.0,167.75970685531783
home_004414,218.0,177.3063422792864
home_000404,197.0,168.2481420587839
home_005114,168.0,268.9438292233081
home_004019,194.0,211.8507753911833
home_003256,210.0,188.300480419106
home_000620,119.0,154.28982301937907
home_000660,252.0,197.68796328363106
home_003168,203.0,229.19019535573315
home_001851,183.0,160.77736660658064
home_002139,213.0,246.18671162815522
home_004590,217.0,227.9169004720367
home_000978,150.0,152.34514732652218
home_000622,187.0,190.94927332779142
home_001582,170.0,159.04642219867029
home_001248,185.0,247.36399353810663
home_001778,203.0,206.3919315898686
home_003125,151.0,127.8400364134844
home_001458,136.0,150.90606841527145
home_002102,178.0,207.6570801956139
home_004474,138.0,149.8468535316165
home_004526,113.0,134.31636588383506
home_001986,176.0,162.26788787143954
home_003237,225.0,235.48113618031533
home_000666,139.0,157.11064383393003
home_002799,177.0,198.34770754693062
home_001691,236.0,220.49791506376624
home_001971,162.0,150.3484223961698
home_004600,279.0,234.13524926744134
home_003524,124.0,119.58348193014658
home_004440,193.0,188.16973502504507
home_001477,211.0,225.632453213259
home_003391,196.0,201.34772166013505
home_002746,152.0,167.1139081927623
home_002291,208.0,167.6130051772596
home_005155,121.0,168.83351993177249
home_003669,219.0,224.81705248436475
home_001407,239.0,217.8919052632843
home_001934,174.0,182.61737666950134
home_002512,151.0,214.2197748330706
home_002793,358.0,258.5641356556341
home_004846,166.0,172.1128945507422
home_002211,146.0,201.52234106533552
home_004192,157.0,199.77041022104515
home_003925,164.0,193.2468059458958
home_005144,334.0,236.47671898383516
home_001859,310.0,269.8248815185202
home_000573,215.0,187.4014010957873
home_005094,159.0,181.19710783784322
home_002249,265.0,225.36362028712128
home_004527,186.0,134.4531705420081
home_000833,154.0,149.7149708708465
home_000231,234.0,233.28251612379236
home_001978,183.0,170.051267235425
home_000353,244.0,232.4307025682535
home_001080,84.0,135.2409911470198
home_003234,136.0,146.79256226368474
home_005195,230.0,158.22078933392805
home_004767,131.0,177.3886148361987
home_004856,139.0,192.680243285913
home_003172,261.0,204.7354539179367
home_004844,126.0,142.2966363457087
home_004076,224.0,250.64778366635417
home_004251,223.0,214.65350136169022
home_003795,202.0,228.56245321838168
home_003914,187.0,163.01065339583553
home_005054,176.0,193.80428453210916
home_001889,110.0,112.31495817635361
home_002992,217.0,270.01230215644875
home_003805,75.0,96.69023054625228
home_003239,167.0,136.91793036775744
home_002821,145.0,191.19643961632045
home_004234,343.0,226.2812426649566
home_004588,170.0,141.57049148004194
home_001586,358.0,293.7832518951777
home_003333,207.0,226.99406482269526
home_001897,287.0,184.38469341963645
home_003280,170.0,177.74458062174216
home_001121,123.0,122.71428047691359
home_003779,304.0,266.84683888978617
home_003201,109.0,147.96412586710125
home_004535,185.0,190.52956909233322
home_003094,157.0,179.57093034465666
home_000704,301.0,317.04760212419797
home_001230,198.0,242.70696982276993
home_003308,155.0,189.05389709342006
home_004773,181.0,158.0279929403503
home_001488,339.0,228.4145560864772
home_005235,206.0,231.09283984896314
home_001736,164.0,146.74153467111927
home_000358,221.0,220.21966796602237
home_004400,153.0,145.47053802418415
home_005233,125.0,143.70721189038625
home_004777,259.0,231.48734721037448
home_000133,156.0,147.06277075084242
home_004897,154.0,129.9739389454213
home_003675,234.0,189.65006128611645
home_001783,140.0,128.2751883784453
home_000412,176.0,201.87284230741486
home_002745,268.0,266.6224334713137
home_000185,201.0,254.46982450403505
home_004775,186.0,174.39700554225058
home_000814,181.0,203.4983377539136
home_000584,170.0,256.6868895819809
home_002873,325.0,239.39401730944905
home_000770,123.0,172.89387782892126
home_003820,266.0,224.0281771500968
home_001533,289.0,183.63547905374358
home_004462,176.0,215.8615374730817
home_003956,165.0,266.4617634078021
home_002542,202.0,143.69912076535797
home_000806,237.0,179.56358101136559
home_003633,227.0,261.8782580583813
home_004353,134.0,188.94291649580677
home_002549,180.0,215.57776607194864
home_004125,161.0,126.53842983093493
home_003677,274.0,265.7837755958247
home_001566,174.0,216.0242149825776
home_003213,286.0,255.30782008458834
home_001365,127.0,173.95783041163415
home_001304,137.0,194.42018430408575
home_002894,197.0,200.86781494019516
home_000426,102.0,143.1713529550603
home_002759,181.0,194.1006078392575
home_002331,258.0,231.3407201385337
home_001020,253.0,290.47905649964946
home_002325,268.0,303.3066465052588
home_000431,205.0,224.2296928382063
home_000539,109.0,172.8750020299846
home_002860,228.0,175.65373034781825
home_001071,200.0,239.20549953166002
home_005198,136.0,148.35812194515466
home_000830,128.0,145.4288568635668
home_000598,264.0,211.6178402300369
home_002020,348.0,225.16839493742083
home_003587,189.0,210.32964131710872
home_000970,213.0,243.64099291905478
home_001160,188.0,226.86085647166703
home_004342,163.0,167.04176346337317
home_000444,140.0,108.12711981591927
home_002529,95.0,125.21328499701914
home_001195,139.0,202.22946043239142
home_004914,264.0,225.89527216747217
home_002682,240.0,240.4224155823212
home_001952,166.0,238.78549598828272
home_004482,194.0,214.29132666449374
home_004101,209.0,181.90478085603337
home_003441,224.0,197.67647916309045
home_000895,170.0,207.5781815309371
home_002072,240.0,299.31804341391603
home_001430,162.0,146.81389826661302
home_003997,253.0,203.78349865922993
home_004835,172.0,233.11120403760128
home_003987,199.0,249.58526561758387
home_000843,222.0,199.96313103197477
home_000605,132.0,154.8957179894171
home_003482,224.0,197.60893702392858
home_000556,345.0,261.56185623180596
home_005180,177.0,144.14509956305417
home_003598,167.0,175.2001363490753
home_004975,156.0,166.90726812767053
home_002656,151.0,148.56229090464956
home_004052,91.0,115.66005639323038
home_002840,148.0,122.07223685798708
home_002255,311.0,211.81054598977056
home_003029,94.0,112.47150837242195
home_004266,207.0,228.7574407874049
home_003324,138.0,159.14239623766014
home_000933,245.0,251.95353134903573
home_001259,160.0,181.77209070844364
home_000273,143.0,141.96271328522104
home_004645,253.0,208.8540310180226
home_000866,197.0,162.29703973260598
home_004823,140.0,154.61174720387115
home_003942,256.0,226.50454804013145
home_001441,168.0,220.9057001392067
home_000230,338.0,231.8733678913564
home_003212,217.0,222.67129257482634
home_001520,134.0,114.77725064603084
home_004177,246.0,253.10567648970311
home_002189,210.0,141.94854761804316
home_000757,244.0,237.90761206805135
home_000055,191.0,220.72056539734967
home_000376,217.0,188.75707204611032
home_002282,284.0,265.4361741282726
home_001221,144.0,177.58513615113938
home_002175,133.0,136.37725504353728
home_002297,127.0,184.51522649855136
home_000515,109.0,146.61326735456788
home_000091,232.0,209.49565788303264
home_000728,123.0,112.826511118784
home_002220,219.0,158.2490371124186
home_000861,113.0,129.6167473457373
home_001140,224.0,182.70461156620493
home_002560,164.0,157.17280250473334
home_002640,204.0,238.38376250286902
home_003341,149.0,151.2325130399887
home_003745,203.0,188.85126137231813
home_001781,294.0,309.81129853284835
home_005135,158.0,213.19512152348824
home_005226,366.0,265.68765797303837
home_000389,208.0,215.60633962599437
home_003503,99.0,118.24003645300186
home_003801,194.0,146.50147043533525
home_002209,242.0,170.6006714901385
home_000147,191.0,199.29543074229196
home_005221,229.0,186.23524183932872
home_000336,270.0,225.32791983284199
home_002487,220.0,184.25825462818676
home_001539,123.0,91.242835378048
home_003007,145.0,187.60940316357522
home_001893,95.0,109.45837607491852
home_004417,204.0,159.30099922100644
home_004516,110.0,136.62251825000618
home_001753,186.0,190.25639329396438
home_000595,345.0,286.1141066508008
home_004238,301.0,238.1506397746087
home_001738,111.0,139.0033269979246
home_000929,143.0,193.51636128074404
home_000483,155.0,138.58431981726042
home_000293,320.0,285.138059460185
home_005236,279.0,184.83031589346334
home_003732,194.0,219.50481602855032
home_003804,163.0,153.55370554300407
home_004215,233.0,230.99012321274387
home_002814,446.0,274.70547712607885
home_004375,161.0,203.62546070718716
home_002913,201.0,251.3716893206281
home_003395,228.0,227.27998603193817
home_001594,154.0,170.46304565747323
home_001579,186.0,219.1526276086168
home_002718,180.0,153.69602900059704
home_001361,94.0,114.66665764704481
home_000754,160.0,232.64720447219713
home_004725,163.0,137.59524778241575
home_001946,160.0,246.6833220871369
home_001604,181.0,136.15689930279163
home_002583,124.0,156.64046716617915
home_000894,158.0,162.8973763333562
home_002556,211.0,198.36502618793995
home_003655,196.0,240.26647704208216
home_001397,95.0,120.52757159993745
home_002101,204.0,272.4547437040641
home_002823,117.0,105.51863515367911
home_001962,143.0,203.55685753183025
home_002435,302.0,239.85533095367407
home_002523,294.0,225.3711862941014
home_002590,126.0,198.18385310348168
home_004078,199.0,208.7826717132464
home_000181,267.0,260.17334076612354
home_000284,223.0,234.84061701206915
home_002240,169.0,179.09994087187047
home_002071,167.0,159.07307217556843
home_002764,298.0,290.869189164245
home_001290,345.0,246.26265937043513
home_002271,145.0,153.9428722732477
home_002941,140.0,186.75044049534617
home_004610,196.0,204.3922798444237
home_002383,202.0,236.9964478439669
home_002283,165.0,149.7719185665273
home_002337,334.0,211.6946805370419
home_003532,128.0,150.0800299856871
home_001296,102.0,143.48687710408018
home_001433,99.0,135.03800183198393
home_005000,133.0,121.91370466823051
home_002090,138.0,151.1506980986345
home_002047,214.0,242.54272439908016
home_001726,164.0,167.173269661235
home_003854,229.0,180.77282157757608
home_002582,227.0,179.15920658323148
home_004681,157.0,147.0248647785018
home_002815,108.0,132.36213073726628
home_003977,215.0,154.63281068256433
home_002371,109.0,128.80682262323538
home_004698,113.0,129.58536288364624
home_000922,107.0,120.43487376063733
home_003325,233.0,270.374797162826
home_001714,192.0,152.40338120685306
home_003291,102.0,161.24236895495977
home_001525,137.0,122.63022109814194
home_005184,95.0,124.88938155084972
home_002664,142.0,211.13809006740192
home_001040,314.0,233.33806580941732
home_004731,214.0,219.75540782516742
home_003709,127.0,147.8550321190559
home_004006,132.0,155.74107268161106
home_001755,189.0,149.1705612634102
home_000362,140.0,143.57819082965742
home_004982,232.0,279.33474069771853
home_000943,174.0,154.54102959733237
home_001003,107.0,116.96668659689885
home_002861,239.0,254.2948507052778
home_001157,258.0,209.54433822823134
home_002169,130.0,142.20470984573754
home_004137,134.0,122.89137376272483
home_001469,140.0,182.570214398277
home_001534,171.0,155.79569258810355
home_001447,133.0,133.9166493434068
home_003350,263.0,278.3967264193336
home_003460,225.0,276.18979083498687
home_000495,190.0,177.2251544450419
home_000070,169.0,148.72824417434848
home_003508,124.0,143.44857184002737
home_003392,166.0,154.06246113902554
home_001788,84.0,97.24041212818281
home_000267,246.0,171.3328969404233
home_000257,283.0,208.42500701053356
home_004742,91.0,116.85129048382022
home_003418,175.0,203.788221107584
home_002248,160.0,175.22801502441283
home_000512,148.0,151.23282028170985
home_000775,217.0,223.04612911790517
home_004920,167.0,142.20671544391
home_002171,165.0,174.38827058230714
home_003682,304.0,265.75464297877664
home_001633,228.0,151.0705216060436
home_000795,177.0,196.3651880143542
home_000108,140.0,165.22059942498598
home_003167,240.0,201.16562429576612
home_004181,233.0,261.70410656106355
home_001272,188.0,239.75952192669018
home_003110,177.0,168.94083875572557
home_000896,130.0,167.46565750082414
home_002899,165.0,164.22937748124042
home_003387,230.0,236.62122262816345
home_001928,180.0,176.1678630800025
home_002042,130.0,137.3655773395306
home_001047,335.0,250.3831904088629
home_000543,118.0,119.59290798518018
home_001037,336.0,203.8999294436312
home_001049,223.0,178.40410317312623
home_003689,196.0,209.96244377968569
home_002548,147.0,127.9155890958099
home_001663,244.0,189.38469130448505
home_002400,185.0,210.92945108456746
home_000673,170.0,274.3752772991517
home_001095,190.0,208.61656667376332
home_000911,173.0,213.4026801973391
home_003912,163.0,146.2614805977082
home_002714,157.0,198.675873096874
home_002165,332.0,284.7117862001238
home_003013,251.0,257.1758661399674
home_005006,139.0,140.8156660203275
home_003580,194.0,178.10204444344194
home_003483,308.0,233.3274324512535
home_001951,164.0,193.8901997914954
home_003138,160.0,145.52651102648275
home_002901,104.0,134.02752383605068
home_000513,169.0,164.16842970214685
home_000766,216.0,222.10785540200197
home_001580,189.0,187.7994819672255
home_003302,133.0,135.22373606117438
home_004900,192.0,221.99486291369692
home_003303,106.0,114.04522390804372
home_002868,177.0,170.33351814462435
home_001745,126.0,139.9845994738187
home_003192,152.0,162.62694591206437
home_003041,116.0,123.28922980055918
home_001306,168.0,127.13224831761936
home_002259,165.0,206.54493898401654
home_002907,300.0,260.9085251114244
home_000721,134.0,153.01028908511006
home_000972,201.0,181.47860294942882
home_003466,138.0,154.56419773561566
home_004107,142.0,202.74987134185255
home_004613,306.0,188.59903331498074
home_000210,206.0,145.41578706288064
home_004334,152.0,215.40308215204212
home_002134,189.0,188.60344110675362
home_001766,264.0,214.92028186200272
home_005200,141.0,118.82575439944114
home_004341,296.0,233.19220192247988
home_004421,107.0,140.74607986106525
home_003267,177.0,184.06496611547672
home_000667,135.0,137.70681333810762
home_002287,179.0,162.968681164209
home_004874,267.0,267.60521627326705
home_003890,141.0,135.89674428721787
home_004680,157.0,158.92009187114797
home_004179,133.0,160.58086759189126
home_003233,294.0,228.10403899715493
home_001348,166.0,255.88176597657719
home_000731,162.0,147.20082082957975
home_002140,264.0,230.84446091600415
home_002726,149.0,203.1047492828014
home_005008,209.0,269.7389277968232
home_002497,151.0,165.29350401090045
home_002219,209.0,186.82988545208707
home_002391,230.0,230.12145453677553
home_003205,139.0,133.56805196699736
home_004408,148.0,163.2898870726699
home_001817,174.0,176.95225796890503
home_002703,165.0,170.52073152415267
home_005232,268.0,263.3073040900798
home_001614,194.0,208.86105326653575
home_000220,210.0,231.87001678966556
home_001896,168.0,138.47318420239606
home_000415,257.0,231.86511771519903
home_000196,183.0,193.83083269000713
home_001991,271.0,214.2992363770186
home_001705,118.0,149.05995286137681
home_004298,137.0,167.1460410617097
home_003788,228.0,246.98329957367227
home_004809,167.0,139.29838860817128
home_001231,247.0,200.6680184235986
home_002156,153.0,190.2643241578352
home_001028,144.0,135.360015688411
home_000960,206.0,209.6483825557682
home_000458,285.0,183.7903437999942
home_000554,120.0,124.37009901378961
home_003001,154.0,175.0927094459879
home_004620,151.0,161.14030707697754
home_004301,329.0,288.37569669040687
home_001895,225.0,226.72870476552225
home_002399,181.0,159.38243752344212
home_003352,156.0,155.7550644722225
home_000974,151.0,165.204747571219
home_002652,196.0,171.97724507724553
home_003010,177.0,177.34043643549282
home_000818,147.0,193.38991288851247
home_004679,340.0,289.98283419860616
home_001959,226.0,227.79546920706673
home_004424,92.0,98.35611517022433
home_004949,247.0,262.2975787231417
home_002934,259.0,245.24594306558186
home_003243,97.0,147.0670278158237
home_003108,217.0,199.17575095074778
home_002012,221.0,195.18530393736657
home_004114,345.0,252.83810439174033
home_001318,209.0,150.41814052763243
home_002469,225.0,200.8746211637268
home_000565,329.0,317.86245974537553
home_004337,141.0,196.3363034528221
home_004461,141.0,127.27015673848256
home_005001,180.0,206.58585391883636
home_000436,153.0,231.9515516250366
home_001864,161.0,169.6643701573966
home_003384,237.0,172.28169401020776
home_001206,186.0,176.25125552358253
home_004170,159.0,149.1128023176143
home_000971,248.0,265.0083348310212
home_000214,107.0,112.7094382078106
home_003759,187.0,166.88563689458357
home_004595,213.0,161.39992309840218
home_001769,160.0,214.85306266820774
home_001454,213.0,189.28518620669166
home_004883,123.0,142.3775007656514
home_004405,155.0,145.55698416272094
home_000981,218.0,201.70704580006853
home_004120,304.0,240.62778432653127
home_002989,217.0,240.1358911111941
home_000537,201.0,247.44846766006395
home_001175,94.0,119.95469675342544
home_001752,101.0,130.18174429760822
home_001552,256.0,200.55694653748168
home_003254,208.0,182.68621508902245
home_001472,121.0,156.51536228081207
home_002612,163.0,159.84334528284535
home_003419,121.0,147.8077762473901
home_003933,206.0,228.27827341716187
home_005088,220.0,212.5325095655678
home_003900,168.0,216.15725503134263
home_001924,148.0,141.88657421462156
home_004655,224.0,162.109102496112
home_001275,284.0,273.20344609073516
home_005164,274.0,183.69375941345507
home_004160,258.0,207.64337662675393
home_001451,116.0,133.64625565778667
home_001030,169.0,245.18115568372212
home_000657,129.0,174.34980415863143
home_004577,194.0,158.69750172441485
home_000153,110.0,130.92718916589453
home_004756,222.0,227.84058370894041
home_004878,239.0,193.502549410684
home_004317,158.0,190.8103082211075
home_004435,89.0,137.27021350709947
home_003719,156.0,139.82984467784888
home_003837,195.0,157.77476424123077
home_002704,145.0,152.40477338612914
home_004344,140.0,228.0262861181706
home_001645,143.0,160.4983410675552
home_002822,193.0,197.44206794904045
home_002944,183.0,179.43478621241067
home_004480,175.0,165.7323153579918
home_001078,230.0,200.00031500874195
home_002050,165.0,145.18265036805514
home_004303,203.0,242.34567505930707
home_000140,200.0,234.15090321729735
home_001657,160.0,169.92837869214725
home_003659,159.0,145.6280953292584
home_004615,90.0,125.08611593423501
home_002522,277.0,254.94999936991195
home_001939,176.0,194.9870555607154
home_003006,146.0,143.72326010207456
home_005045,196.0,202.4308969589126
home_002338,184.0,150.69686518948555
home_001120,207.0,193.25577390967575
home_001700,106.0,105.8291451767779
home_000604,142.0,128.35114682831198
home_003095,308.0,300.49908009256654
home_003648,153.0,224.10693898952658
home_002103,140.0,163.86363770382104
home_002418,310.0,255.86257984958877
home_005142,303.0,190.60301546560868
home_002463,154.0,153.81274374436487
home_004061,195.0,186.35581180250227
home_001760,205.0,275.3955729634935
home_002892,189.0,135.97259093079617
home_002639,118.0,127.63052726584722
home_000099,146.0,223.62938297139718
home_003743,159.0,152.67688392647935
home_005033,127.0,145.04455087869982
home_003319,175.0,149.31387255896684
home_004048,124.0,200.73284854436136
home_000558,121.0,135.4521131276252
home_004254,118.0,156.13201205523552
home_000465,125.0,146.31484958828725
home_004829,159.0,129.29344831310186
home_000948,193.0,291.51722314867703
home_003215,155.0,155.96014535126105
home_001347,200.0,215.57913309959764
home_001718,265.0,231.0883400036213
home_002233,147.0,144.86836665656028
home_001888,141.0,140.83651258573482
home_000602,338.0,253.16989922345098
home_004780,171.0,147.5332923725949
home_001333,154.0,145.7732849903101
home_000760,204.0,149.7976543598844
home_001862,213.0,215.46948821969505
home_000164,159.0,124.96965345693454
home_004594,127.0,114.39236820349613
home_001793,150.0,155.5859052945169
home_004651,139.0,126.95919708111992
home_004049,250.0,239.29120121319124
home_005057,181.0,182.16375538014805
home_003432,227.0,207.96577840069992
home_001912,190.0,161.55301717097757
home_000206,155.0,166.3991983912432
home_002662,169.0,185.5071007118765
home_001717,133.0,147.5950775764053
home_003886,247.0,275.16550546653764
home_002131,228.0,243.5341959448796
home_002056,134.0,131.33832455831933
home_001506,186.0,192.39221616288705
home_004007,218.0,296.1114623844839
home_000887,99.0,138.33040405706473
home_002360,124.0,174.0163508641186
home_002179,75.0,118.65518935384699
home_004521,213.0,174.0557750307267
home_001905,185.0,204.41068164874287
home_000211,205.0,215.60346374735724
home_003236,232.0,318.3739603255948
home_003356,109.0,123.00503406630392
home_002195,225.0,229.11887165680474
home_001899,276.0,285.42264572386296
home_003159,338.0,240.2384698182432
home_004203,169.0,143.6880218477523
home_001867,195.0,167.71817929555067
home_003661,170.0,188.52346154048462
home_001283,163.0,192.485572173662
home_001302,145.0,150.76957512965583
home_002888,259.0,275.23668849028536
home_000726,375.0,293.5378460994844
home_000321,274.0,311.3895822630256
home_003856,109.0,134.54794891772426
home_002754,290.0,253.52206581926444
home_004955,75.0,106.1338280344961
home_003313,337.0,220.62206027101354
home_002358,152.0,143.9463736589858
home_002711,101.0,110.1312965104976
home_004566,223.0,153.5750740859412
home_002155,242.0,201.31381014337148
home_002043,140.0,118.38952790285518
home_001500,180.0,189.35078908096813
home_000688,231.0,188.9663604587298
home_005086,126.0,147.08696051436982
home_002008,243.0,203.52205859385649
home_003624,178.0,202.17933251346324
home_000287,148.0,132.50131340774777
home_004973,148.0,188.43456214217346
home_004952,91.0,143.8954036834115
home_005123,274.0,202.35085258763826
home_004721,148.0,143.7449048999967
home_001861,228.0,231.60631546698974
home_004172,145.0,149.42098487043728
home_003253,131.0,152.11118602760934
home_002543,290.0,223.31012056369374
home_001424,213.0,184.66661746301213
home_000485,121.0,136.2046238569003
home_003251,262.0,231.85089743047908
home_000507,222.0,189.60029169624627
home_002770,299.0,251.70496366832788
home_003939,277.0,221.93143007549816
home_000503,127.0,150.14688832204237
home_005156,399.0,304.8798661266137
home_004168,180.0,233.28376831279311
home_000629,223.0,266.2996822855594
home_004936,334.0,252.8535749572771
home_004876,125.0,118.34721331004683
home_003300,289.0,175.63588891750533
home_003656,128.0,177.51039718721344
home_004511,189.0,190.2279643235678
home_001848,201.0,221.0146221534682
home_002213,148.0,151.33049332321545
home_000003,311.0,319.96047746526824
home_001330,292.0,288.4114397575862
home_002976,170.0,157.9940817313571
home_000837,313.0,263.9179664791992
home_002321,340.0,292.0275885503644
home_003122,100.0,172.32379940496958
home_002130,107.0,138.37787900326538
home_005024,280.0,189.52907068196467
home_004475,177.0,245.93485996076313
home_004537,118.0,112.13136651526482
home_001673,238.0,259.9141367885648
home_003183,150.0,164.37593980763106
home_003321,132.0,158.57493152829875
home_001192,145.0,162.13222519916917
home_004701,191.0,252.28777727277983
home_000198,178.0,138.6354222030917
home_001560,105.0,118.21111233178044
home_001830,168.0,212.86023751616779
home_000253,160.0,210.95731326297317
home_003289,171.0,160.39803266016395
home_004419,146.0,138.02162812569773
home_004495,218.0,153.30925321610422
home_003186,183.0,154.29616972621852
home_001733,179.0,224.4751298806708
home_004866,105.0,149.46137603916037
home_003863,183.0,146.4701429229095
home_004290,101.0,113.66976349067062
home_000940,261.0,241.35856140658655
home_002381,275.0,267.44785786678824
home_001267,306.0,242.8364555966194
home_002370,319.0,263.01476208714644
home_003845,116.0,131.28609149253828
home_002349,207.0,198.3254651538561
home_003096,94.0,129.37891211618697
home_000636,265.0,267.24483303014256
home_004770,136.0,113.88902791796944
home_002121,195.0,243.61325478616436
home_000338,233.0,216.2057192485915
home_001478,137.0,143.48246052197862
home_003014,211.0,191.83956671554756
home_000168,225.0,185.14838524609883
home_000580,104.0,123.12259730282051
home_004490,125.0,145.32578123314983
home_004122,211.0,184.0607374469454
home_004815,208.0,227.57144938329276
home_004506,201.0,197.965904795577
home_004070,210.0,191.3099718791926
home_001499,147.0,148.76301217410824
home_001725,260.0,263.95802463607913
home_003245,252.0,216.96518679837635
home_003702,185.0,192.77750798910935
home_004210,144.0,150.65353880731166
home_000386,247.0,228.38071852503447
home_002773,196.0,149.85664759772925
home_005022,163.0,201.02565261309954
home_001671,198.0,219.708474076014
home_005119,150.0,142.55215066009643
home_001483,185.0,151.4579437360962
home_000486,274.0,203.13841876369065
home_000730,137.0,124.27479640381043
home_005031,245.0,215.85932830503484
home_001391,234.0,218.3413614317649
home_005112,141.0,209.54233453735085
home_002457,171.0,238.29125925319445
home_000661,297.0,237.47270101862586
home_003934,168.0,152.07868501886423
home_003621,213.0,217.73254964709326
home_001503,217.0,198.71080306666138
home_002210,359.0,224.435917806936
home_003784,133.0,117.96480470103266
home_001587,135.0,154.53452331568636
home_003726,222.0,207.1836660533587
home_001782,223.0,228.39839604001114
home_005089,130.0,113.48989679944401
home_003919,179.0,155.6508346061202
home_003123,81.0,111.72762457512833
home_001414,156.0,137.43674578812872
home_003738,150.0,195.17609181413377
home_004283,141.0,172.21391879144193
home_000129,96.0,107.08595770205535
home_002730,252.0,243.64862245325384
home_004102,138.0,123.61203538653709
home_001312,120.0,141.86096491299423
home_004018,212.0,161.53461980359413
home_000226,245.0,249.56726955784876
home_001634,92.0,190.75859644746686
home_000128,163.0,164.99557248509376
home_003445,119.0,138.23099180859174
home_001136,203.0,212.99961862257163
home_001685,126.0,169.67354156188205
home_005206,243.0,213.12663923261582
home_003272,366.0,243.24878504675155
home_004488,217.0,174.9326908179022
home_003579,77.0,121.63689551443916
home_000592,159.0,148.1395778826035
home_000034,235.0,262.9528935046606
home_002351,183.0,183.3465823503029
home_000965,183.0,189.84385048773413
home_004391,310.0,261.1610224847588
home_000782,161.0,214.65897117071196
home_004322,81.0,129.77703441009885
home_002586,225.0,246.45981719377482
home_001968,124.0,174.30316336627607
home_000138,147.0,192.7465117579067
home_000107,247.0,233.79994621071796
home_000398,95.0,132.99337624868946
home_001016,146.0,138.79609324685714
home_002421,163.0,174.1244775107529
home_001609,256.0,284.85329764269886
home_005151,195.0,229.6486071154976
home_002607,293.0,263.09466783571906
home_004544,226.0,189.932540601318
home_000274,196.0,142.97239718579033
home_003196,95.0,160.60661873394739
home_001198,248.0,192.12485805447466
home_000938,186.0,229.3353446684017
home_003800,127.0,176.18473740814215
home_003548,426.0,248.31263254879732
home_001570,178.0,145.33551571865712
home_000379,166.0,212.99704656294603
home_005027,130.0,119.54425822265723
home_001689,143.0,144.78711616906156
home_000195,216.0,150.0286885836481
home_001637,150.0,158.42235068455162
home_001965,120.0,104.823378523544
home_000881,157.0,175.65532202555525
home_005053,138.0,162.384747201629
home_004781,184.0,200.94305084113216
home_004452,258.0,215.30415903682524
home_001324,90.0,119.49254285173465
home_001249,167.0,206.0510623976154
home_004309,166.0,206.7886418443565
home_003691,177.0,173.72854603588448
home_001496,104.0,122.72724510991404
home_004828,212.0,248.31093819394823
home_004637,126.0,173.64148671829108
home_004464,213.0,198.60256387661272
home_003275,132.0,151.9591842800305
home_002758,243.0,262.3545532608441
home_000217,250.0,218.2506692262029
home_004194,432.0,227.50237352557522
home_000689,105.0,127.54282872728425
home_002620,262.0,226.92852316734485
home_002578,237.0,189.5181978882725
home_004284,222.0,174.09962667791257
home_002845,114.0,144.66474388557867
home_001833,140.0,207.28636759723742
home_003905,139.0,158.93433770073707
home_002509,200.0,250.92293652607702
home_003223,161.0,127.51081324313574
home_001329,167.0,153.51784712750896
home_001436,161.0,167.2980145210464
home_000932,301.0,287.05552363347675
home_001102,119.0,145.49089223785717
home_005113,94.0,122.01153476093681
home_002605,117.0,141.62175722356278
home_002221,303.0,229.5038207226701
home_002486,267.0,274.06743828144334
home_003585,268.0,187.2236725517443
home_002997,179.0,179.6028349287967
home_003222,211.0,175.76216048040774
home_003119,133.0,105.66850854119826
home_003955,251.0,232.68246731371374
home_000958,213.0,191.80723701780173
home_001572,153.0,180.72252781996173
home_004877,271.0,313.71997504022875
home_004010,235.0,311.8381279743136
home_002833,155.0,182.68861568213032
home_002970,148.0,159.78013697091646
home_003355,190.0,229.087581699733
home_003002,151.0,165.77010320794142
home_000743,191.0,151.1296190481085
home_004494,239.0,229.87885809012866
home_001238,255.0,237.08613774486025
home_000926,178.0,205.97187804089748
home_003133,180.0,204.61206283772879
home_005087,151.0,132.35371264134716
home_000986,345.0,287.00015217829025
home_004945,210.0,195.69941774362306
home_002564,196.0,213.4985618346916
home_002777,114.0,161.8201367852389
home_004036,154.0,185.07117242070117
home_000645,140.0,138.4677124849504
home_002908,158.0,194.08295783650664
home_000519,155.0,161.68666151816836
home_001616,118.0,157.34897455351128
home_000555,139.0,145.73621265227575
home_002070,264.0,229.48659323024714
home_004813,193.0,236.10139050045677
home_004562,243.0,227.52991534604337
home_002356,340.0,286.3776454933544
home_001428,199.0,223.03936867813826
home_004738,108.0,135.11087415693177
home_001985,181.0,200.15644348349954
home_001615,201.0,247.12459407697088
home_002048,157.0,158.74803626961062
home_000160,96.0,142.07818502072115
home_004940,255.0,262.14686125387504
home_000334,372.0,274.1017302514749
home_003829,227.0,243.530528526182
home_003983,147.0,245.78256005741065
home_000244,169.0,214.18834739390712
home_004664,241.0,225.9063058523683
home_000890,167.0,187.00926226098952
home_003948,207.0,173.71563069190393
home_002591,97.0,141.58066761015266
home_000844,192.0,198.2569132115477
home_003626,159.0,109.78183719865447
home_001455,149.0,178.26775845596993
home_002158,188.0,177.32041492756406
home_001363,213.0,225.6143187010817
home_002615,119.0,142.79192302872826
home_002077,188.0,174.9422187065264
home_004912,136.0,186.68273166631997
home_003883,347.0,310.813747493697
home_001631,163.0,118.77668622328996
home_004383,125.0,151.34970393621032
home_004093,195.0,216.5744672034565
home_003540,163.0,150.79675849171085
home_002449,151.0,179.62093522346674
home_004871,123.0,119.47295266324787
home_002409,264.0,227.4050709772742
home_003017,134.0,154.82988285304313
home_004695,151.0,142.876691382503
home_000364,143.0,129.31984477312017
home_005209,206.0,196.24755541139248
home_002473,187.0,147.18846724233688
home_002870,159.0,150.34158671124925
home_003734,79.0,105.46877549675891
home_003075,233.0,249.24869978447032
home_005104,178.0,180.39325633342798
home_000073,253.0,214.52130595255994
home_004062,225.0,159.8036816820936
home_000421,118.0,142.775734619578
home_004853,201.0,187.03618905770995
home_002762,340.0,301.60857148260465
home_004360,193.0,229.02922785162826
home_004760,293.0,246.09020261412525
home_003507,159.0,154.59987944414436
home_001311,272.0,253.93419263402848
home_003285,270.0,228.8150326871846
home_000212,295.0,251.63811408099335
home_003019,230.0,221.34351453479138
home_003981,142.0,203.2535032922377
home_003439,138.0,159.24938384287503
home_004512,117.0,119.68994124863146
home_004392,170.0,141.35485723422184
home_001404,143.0,137.46023061947028
home_001490,152.0,220.03436937455893
home_002912,188.0,236.95555857994282
home_001291,247.0,284.6739380251017
home_001860,123.0,196.34425688516893
home_000998,332.0,295.71282592634543
home_002087,176.0,251.39380765953598
home_000675,265.0,214.41959735227792
home_001526,203.0,223.47265461375667
home_001196,246.0,224.14475838280848
home_000989,275.0,216.5902849342119
home_003737,184.0,202.24509663232038
home_003429,176.0,258.51673387282085
home_001335,270.0,270.8735361796982
home_000453,183.0,231.2028926376399
home_002055,167.0,196.69219580943673
home_001346,126.0,131.7066044447473
home_000176,139.0,148.31094472846752
home_003106,76.0,116.18764512792085
home_000308,141.0,157.94684108222182
home_004557,179.0,130.55260282186268
home_001735,170.0,154.53866858301205
home_000097,118.0,166.05164960580976
home_001608,230.0,216.37173594419676
home_005065,151.0,150.8733365840469
home_002672,163.0,200.22791444643158
home_000999,153.0,182.77774128637432
home_004517,118.0,141.17285429067783
home_005165,237.0,277.1564901132977
home_001768,193.0,145.06071445212964
home_003214,195.0,201.86054103701582
home_003505,176.0,224.38097010596468
home_001045,221.0,230.63830777819686
home_002862,210.0,258.95711735558984
home_002334,121.0,119.2706536969773
home_000172,124.0,168.40739275260682
home_004567,408.0,322.0431266139297
home_005159,254.0,179.6764224415679
home_003549,173.0,193.0352000364013
home_002836,190.0,205.39786773016095
home_003941,161.0,150.1649342430066
home_001809,209.0,183.16817693198507
home_002013,213.0,182.93623915555264
home_000359,150.0,141.45345935044017
home_000022,255.0,180.26619955699766
home_002983,226.0,241.27285019183722
home_000272,123.0,121.96821217931716
home_004015,194.0,142.6732001070341
home_005082,232.0,237.49873454764892
home_001907,201.0,193.89374687519958
home_003698,168.0,233.89732488995574
home_004691,151.0,147.1465299903722
home_001189,189.0,172.14108184212972
home_002749,169.0,193.83656742656834
home_002952,124.0,161.54320598037933
home_000995,134.0,120.52537324341802
home_000455,151.0,173.2188761530037
home_000219,139.0,136.55825552650032
home_004289,169.0,180.45023828122618
home_005141,132.0,140.52809204456648
home_004634,292.0,222.92671985314047
home_005136,199.0,186.77997741806664
home_001300,175.0,177.28098950581682
home_003417,327.0,291.3297115389572
home_001739,221.0,251.2145897007186
home_001881,174.0,226.394733436535
home_001704,195.0,156.76878485939287
home_002152,108.0,128.24812252466808
home_000016,271.0,235.33009674311336
home_001840,233.0,197.5650702039618
home_003639,146.0,153.0676622510776
home_001980,260.0,262.33835522268834
home_000884,154.0,183.9946896415357
home_003563,106.0,133.0627108669771
home_000879,126.0,166.94509061625845
home_004484,306.0,263.7196460474574
home_000606,146.0,185.5107449455109
home_001410,202.0,203.36629166905303
home_003286,154.0,165.41032842125938
home_001314,185.0,138.738517774258
home_003703,207.0,182.69255685261083
home_004346,134.0,168.88707840335968
home_005116,148.0,159.38017609725648
home_004154,209.0,171.38609760695724
home_002354,143.0,158.33727268737582
home_004260,135.0,186.4823676627593
home_005175,314.0,282.8765030548979
home_001574,123.0,138.56192461454114
home_004771,80.0,108.87850274125006
home_000659,135.0,108.2355743518236
home_001297,142.0,142.31034481213408
home_002697,147.0,131.2773779247213
home_003986,187.0,201.9914252240337
home_001089,227.0,239.83348253258615
home_004195,194.0,196.1674315128968
home_000924,179.0,232.02885588387323
home_004672,138.0,132.29318712692526
home_000094,169.0,208.55291982061715
home_003270,175.0,163.88546814080541
home_001482,133.0,162.54949111136668
home_004932,215.0,212.6422649750892
home_004739,155.0,182.20597670984063
home_005021,156.0,169.7647786000098
home_004140,225.0,233.00754066608826
home_002971,356.0,245.82357376226975
home_002645,160.0,158.2159873512514
home_005187,187.0,136.60247316597963
home_000577,151.0,175.67233673234395
home_003551,119.0,114.94845425616407
home_000119,122.0,194.9600413709975
home_001108,119.0,165.68299398906106
home_004255,165.0,124.38790336918748
home_000718,147.0,151.71575880604087
home_000545,192.0,230.77093488481233
home_004560,152.0,164.9469552127978
home_004064,141.0,152.40156604382193
home_003853,155.0,154.00061908697572
home_004481,150.0,134.7792441430619
home_000383,196.0,188.85031572438103
home_001440,205.0,221.67354850295175
home_004272,376.0,331.46447448090044
home_002990,277.0,222.99832352157236
home_002767,210.0,181.79669007600694
home_002423,205.0,210.44552739490723
home_004460,144.0,176.02173451233972
home_001417,269.0,215.9910924899322
home_000992,186.0,149.2712029043159
home_002128,124.0,142.10199676950464
home_000173,97.0,117.64404745229017
home_000842,201.0,172.31528262798693
home_001449,195.0,234.9839254440117
home_001215,124.0,150.86948836269187
home_002571,154.0,233.6331614740909
home_002184,145.0,224.84852780082826
home_004437,205.0,234.25150862402148
home_002633,115.0,161.69449107080686
home_003305,269.0,184.13202390806427
home_001694,177.0,217.07673663861337
home_002540,170.0,195.08649869358396
home_000440,192.0,271.63928094067944
home_001626,147.0,184.467880652107
home_001555,172.0,164.2870121769462
home_002950,212.0,184.58458508761856
home_004270,180.0,180.7090956446435
home_002526,168.0,227.17691199290377
home_001332,237.0,224.415734089069
home_003843,319.0,226.077218812708
home_005189,142.0,179.06338007205898
home_002111,146.0,220.27233959355664
home_000909,253.0,235.70305493152614
home_003143,132.0,122.57773829473021
home_001181,201.0,187.5067890841982
home_004104,127.0,139.32086399571483
home_004087,115.0,147.30719721422201
home_004325,189.0,227.91578099826114
home_004824,183.0,142.7048874803275
home_000836,189.0,211.68944579714838
home_003369,350.0,266.93201155419246
home_003449,396.0,315.4334265013933
home_001561,122.0,130.11000302904444
home_004704,218.0,187.77669984787556
home_004928,133.0,193.70369891943227
home_002785,152.0,181.05441475066021
home_005051,327.0,246.73429925603102
home_000387,145.0,147.31208787578967
home_002301,110.0,136.52746085323977
home_003512,150.0,180.91227651485914
home_001356,173.0,162.93345496819387
home_002307,148.0,141.01490417803328
home_003975,281.0,252.87098035697085
home_000165,257.0,219.8140947986116
home_002375,141.0,133.04634877254134
home_004222,220.0,231.84360232001626
home_001577,116.0,155.90410503613802
home_000252,295.0,260.34747180399586
home_000916,257.0,220.7948831060013
home_001758,255.0,250.87980168331342
home_004948,197.0,231.52432512254654
home_003718,206.0,277.7494267574324
home_000051,200.0,182.32262072549094
home_003849,158.0,147.7719618999762
home_005127,141.0,141.91767216492264
home_003751,272.0,260.5157929608426
home_003833,236.0,175.25111122119625
home_004327,109.0,129.2968969135097
home_004653,121.0,141.1383701349411
home_002149,276.0,219.63915277910456
home_001443,188.0,138.5148840738506
home_000560,233.0,174.3868886461735
home_004894,200.0,193.74887089630465
home_004100,221.0,238.28020461400834
home_003832,128.0,133.27922780625644
home_002751,186.0,142.015031260745
home_004746,161.0,190.43189525528484
home_000777,286.0,261.57060108618543
home_004025,195.0,165.77134832604878
home_000784,248.0,235.83619909424533
home_001134,99.0,112.07448275454523
home_001118,219.0,169.25032005230747
home_004532,181.0,127.48426093983636
home_001185,152.0,163.65932999166637
home_001191,159.0,204.01000786941754
home_000402,129.0,160.39401263105282
home_002434,138.0,186.02905040901078
home_004926,269.0,196.92219485594515
home_000685,218.0,167.61190122667742
home_001772,212.0,197.79326479530667
home_004004,164.0,153.47646420960905
home_000243,118.0,146.68069243945195
home_003660,189.0,159.04142823024895
home_002412,289.0,252.27377927734045
home_001664,101.0,123.45255230257366
home_004365,205.0,232.9469702250041
home_002252,123.0,151.96158041005248
home_004352,185.0,214.947274820824
home_001226,166.0,234.511941157142
home_003637,195.0,189.28711719470897
home_002737,121.0,101.97189622570686
home_000872,167.0,142.53699938961887
home_003606,207.0,199.40622592670744
home_002289,275.0,222.32549955829813
home_003139,195.0,185.6214709858914
home_003024,193.0,233.4336717417149
home_003673,212.0,251.41508537886415
home_002460,189.0,159.25836082327257
home_003631,236.0,178.03918857946744
home_003706,197.0,177.646894060006
home_002887,155.0,173.66920534652533
home_001757,220.0,226.62085662288956
home_003873,280.0,174.66246561487839
home_001807,225.0,257.3890720247487
home_003084,126.0,162.10581272707245
home_000748,302.0,253.20960959168377
home_002923,373.0,286.09841839492094
home_004582,203.0,199.2343279103763
home_004647,113.0,139.43632750568713
home_001313,267.0,207.47432587338693
home_004396,179.0,188.50155938168768
home_005237,361.0,281.12594742523765
home_004812,281.0,223.45539724460423
home_003720,155.0,148.20702058963985
home_002441,193.0,176.4122047266273
home_002644,139.0,138.45031216948388
home_003846,118.0,140.81196688179188
home_003396,163.0,138.01059506576382
home_000058,203.0,163.26474911386802
home_003282,114.0,159.68367686274343
home_001243,116.0,138.3446099908706
home_001989,218.0,237.5249244442449
home_001764,308.0,273.3666601102386
home_003057,122.0,116.33679026182405
home_004425,172.0,186.14811230339387
home_003700,164.0,147.79938456168594
home_004030,230.0,207.34556584384967
home_001827,142.0,130.11440365911926
home_001638,168.0,210.8518244974299
home_002616,209.0,246.96828816284042
home_003023,205.0,187.42014031517857
home_000528,235.0,187.2096351236027
home_003348,143.0,110.30655701420041
home_004483,164.0,166.10499880530426
home_002829,297.0,250.66178947013242
home_003722,122.0,177.49116134085693
home_001780,184.0,196.160589715218
home_004774,154.0,199.5138795646354
home_003151,147.0,109.53318368698088
home_004447,143.0,210.4826857894239
home_003625,117.0,145.8213822130079
home_000615,191.0,176.07081739958085
home_001412,235.0,322.87609524332953
home_002436,129.0,126.42937409055273
home_001583,142.0,128.9447957539403
home_002272,258.0,146.22383854827996
home_004622,283.0,184.5116771751271
home_002054,146.0,131.60421780751534
home_002491,191.0,247.8972916765202
home_001353,193.0,143.852619698253
home_004974,215.0,178.45584335398263
home_004578,184.0,196.69333501504497
home_003043,186.0,189.46321006364832
home_004212,163.0,209.5494301119361
home_002670,140.0,146.92707485244114
home_001874,157.0,167.77536264955842
home_003409,179.0,157.53775470959351
home_001277,193.0,207.39866722990672
home_003098,260.0,182.78140393205084
home_003361,219.0,162.8783235907468
home_001301,140.0,141.73682112346006
home_002235,165.0,172.0667218354361
home_005107,190.0,143.922653280595
home_002073,282.0,255.6638879403516
home_002988,224.0,190.364172801642
home_004308,195.0,148.75779557364478
home_004094,231.0,177.78435155812224
home_003562,105.0,145.4459347586124
home_002784,142.0,131.58200506924646
home_004046,156.0,122.55627581027595
home_000437,143.0,184.87481920537016
home_001200,211.0,250.81290439658068
home_000275,90.0,108.96514025881274
home_005179,224.0,202.3762038604242
home_003061,222.0,173.51721652116746
home_005049,201.0,166.44913953106843
home_002230,145.0,150.50574898503484
home_002972,172.0,136.03365115411145
home_004730,184.0,171.50931562963672
home_004640,160.0,135.0839637438721
home_000632,199.0,212.07950939262219
home_004935,200.0,214.93519655092848
home_003643,224.0,220.3168775900677
home_001075,145.0,187.89914840887846
home_001597,144.0,156.6575198554109
home_004706,246.0,229.64582550808356
home_000008,296.0,238.28992324460614
home_003362,145.0,174.6561787242279
home_001942,105.0,128.60367960300698
home_003958,190.0,224.74121465252128
home_000976,220.0,229.00836856769678
home_002448,131.0,185.8777116736669
home_002539,90.0,113.38023841737638
home_003693,129.0,173.08193024394927
home_001372,157.0,190.5629041575621
home_003769,137.0,149.2155650867374
home_001913,307.0,286.8356888316726
home_000821,171.0,209.57129006481327
home_001382,239.0,238.95836412820515
home_001156,158.0,209.30502470402845
home_004079,195.0,259.101247668439
home_001210,143.0,139.9317700785623
home_002406,99.0,132.67417102213125
home_000588,178.0,235.80849577606898
home_001263,214.0,220.67722254923694
home_000283,234.0,196.80098819713638
home_002631,106.0,140.08318348846615
home_000639,175.0,151.2920457429268
home_004763,191.0,212.5095113713251
home_002851,191.0,142.6307847858641
home_005170,200.0,156.42266100699987
home_001282,125.0,163.0180221850032
home_004399,174.0,190.12501765939956
home_004972,197.0,142.83846785374308
home_003447,121.0,141.31714643927927
home_000962,142.0,164.7471690996966
home_000614,211.0,225.0848102211259
home_001648,200.0,183.9771050524435
home_004173,126.0,151.56543729363597
home_003262,113.0,130.45189342942032
home_005072,130.0,117.65185120836176
home_001014,234.0,236.1935778483297
home_004239,136.0,122.43194596621484
home_003231,112.0,114.84407508400507
home_002552,331.0,262.6156008742468
home_001444,181.0,202.69738649591292
home_002808,157.0,187.39689183106844
home_003947,172.0,252.5872131462452
home_001186,243.0,226.98894809348877
home_000037,219.0,203.44970207592812
home_000807,231.0,166.54073384216403
home_003790,193.0,167.27137996047375
home_003403,183.0,175.59366230706433
home_003030,215.0,213.05477168245037
home_004797,205.0,190.47250332640962
home_003976,132.0,182.4497838596026
home_005131,85.0,113.52639375923532
home_004479,239.0,256.9746736732318
home_004519,159.0,150.18498648243548
home_002117,307.0,239.53625118587394
home_000067,167.0,211.20380133445553
home_000300,116.0,133.40328114752324
home_005028,271.0,316.51682613409173
home_002183,106.0,151.70273163189268
home_001647,191.0,214.18512542341014
home_001104,250.0,219.02221564023202
home_002374,111.0,114.77628485294144
home_000118,141.0,146.31698403161323
home_000851,135.0,205.22631662950997
home_003520,160.0,171.32084130808508
home_000445,187.0,195.35918223195543
home_003646,172.0,145.76459896670417
home_002635,122.0,134.34646003073462
home_002432,130.0,149.782753196861
home_002958,107.0,123.4524088700736
home_001655,147.0,129.42119793827987
home_002641,168.0,189.33278464648097
home_000041,147.0,143.41722356093874
home_001378,256.0,228.83085897579923
home_001536,86.0,115.18156643900261
home_002763,134.0,178.77637653136472
home_003025,165.0,160.1312525981949
home_002185,183.0,130.47502115492546
home_003860,319.0,305.12784024126927
home_000446,82.0,104.20948960185056
home_004313,146.0,171.10828176190458
home_000829,211.0,198.77269091018064
home_005046,116.0,146.05617013377685
home_003068,311.0,255.97096929888573
home_002286,119.0,130.10817874006554
home_003785,167.0,195.94332746737987
home_005177,622.0,306.42672185004494
home_005162,156.0,125.68730710229947
home_001599,189.0,163.69388604487926
home_001084,139.0,123.91672263420867
home_002076,251.0,240.6411027274645
home_003496,102.0,130.70053695264306
home_001789,138.0,172.7204439857801
home_003985,168.0,208.33032004529122
home_002506,429.0,287.6188488965035
home_000763,262.0,266.7015886135273
home_003157,172.0,186.75011467379287
home_002295,143.0,162.94727083592747
home_000670,137.0,143.25987742589038
home_000796,121.0,131.4279123498612
home_004257,312.0,268.0825878665617
home_001658,208.0,192.91852625742743
home_000317,105.0,106.79976875565126
home_001581,182.0,255.85256965677962
home_002180,155.0,153.9116749397462
home_002344,109.0,120.6993162434602
home_002061,219.0,199.31845672794051
home_005117,239.0,224.13667182102228
home_002599,125.0,153.03686533922453
home_003012,263.0,205.2838026058609
home_002909,326.0,220.1699123316232
home_000522,177.0,137.96662081504473
home_001349,120.0,153.99798348947587
home_002720,181.0,212.1635267593382
home_000324,148.0,147.71979628262255
home_003027,143.0,217.60297828428347
home_002650,173.0,226.1807071591924
home_004950,136.0,166.84235183195005
home_003079,218.0,224.02538986626183
home_003059,109.0,187.98358546060388
home_003586,259.0,235.88607236690365
home_004888,126.0,139.1178455074941
home_001452,134.0,155.47807454224375
home_000434,121.0,136.27214539405855
home_004427,190.0,217.73250478015152
home_001987,359.0,192.08783238810997
home_001229,114.0,164.2531278003495
home_003937,187.0,191.7492326269966
home_001137,160.0,246.41053535336843
home_004178,136.0,123.98372384600171
home_004171,155.0,246.870919110327
home_004218,186.0,212.55093482276752
home_001936,191.0,203.22185400694048
home_005146,309.0,205.22786311231994
home_001008,324.0,252.63779765305753
home_000328,332.0,254.0421040083076
home_004042,279.0,292.95421048742094
home_001077,205.0,193.94015572149158
home_001105,183.0,178.96315083914615
home_000781,132.0,153.43747990736296
home_005036,207.0,201.66195034490138
home_004407,228.0,216.80234068597022
home_003616,200.0,212.308752639285
home_001858,242.0,232.60247025342107
home_002269,263.0,253.01925244255804
home_005182,74.0,108.62688344187362
home_004881,154.0,185.9355173375908
home_002696,249.0,225.67210470143834
home_000628,118.0,135.61540394668017
home_002194,110.0,138.75584848432123
home_003379,227.0,230.5139495406343
home_004999,155.0,186.97262705708837
home_003405,246.0,243.44589549341327
home_000694,175.0,222.69628562021404
home_000104,117.0,155.02927786690438
home_001476,199.0,180.48870009390677
home_002267,126.0,202.66607648157154
home_001653,223.0,216.2143284202406
home_003778,227.0,232.07128350554376
home_004439,223.0,227.73241652324208
home_004963,182.0,201.8557189518346
home_000202,237.0,206.8477259607276
home_003495,182.0,157.17971179639412
home_004711,259.0,253.27386884919602
home_001979,113.0,146.7000228473284
home_001767,96.0,152.42565954174762
home_004569,159.0,169.11381873529828
home_001613,99.0,138.94577698439215
home_000882,97.0,126.55512807689249
home_003806,320.0,313.6331865735699
home_001268,136.0,134.70947633749535
home_002996,147.0,116.99454426808111
home_001919,196.0,188.22400589302384
home_003812,160.0,191.56637765631675
home_004165,183.0,142.0757383382146
home_003173,215.0,152.90227538139618
home_003557,250.0,184.2628962814463
home_003944,123.0,162.4769872852267
home_000571,154.0,207.3400850987048
home_001252,228.0,210.82388187253525
home_003353,187.0,174.09402349744119
home_002914,212.0,194.45043434590553
home_001123,180.0,145.25394331907071
home_003471,120.0,124.17662426269617
home_005216,190.0,161.84778519955736
home_000641,183.0,201.82658827012506
home_002250,127.0,126.1360265029221
home_003121,253.0,230.45145996253166
home_000360,277.0,200.1373848972336
home_000177,197.0,236.4361727086014
home_002328,249.0,209.53152293707197
home_001161,118.0,149.49890993944436
home_001887,284.0,200.09430130247992
home_005083,114.0,131.00959545399624
home_000001,248.0,228.3589523688635
home_004659,140.0,126.25035236004267
home_003569,157.0,150.1797198326473
home_000201,270.0,230.26407546303835
home_003297,159.0,119.11775207143138
home_004161,225.0,203.6057568126306
home_000969,160.0,213.4850783546875
home_003825,174.0,143.61628380299013
home_002251,192.0,306.80497916254205
home_004476,116.0,119.94315049701902
home_003461,219.0,243.78122616881578
home_002109,216.0,200.42469261704906
home_002837,135.0,167.35875271698563
home_001194,266.0,192.96212596587912
home_001034,269.0,239.73245186553754
home_002854,205.0,224.42991159513988
home_000594,128.0,154.05171526376176
home_000841,245.0,176.22992384123916
home_002414,113.0,163.3433355203739
home_004956,97.0,145.0431833286384
home_000258,166.0,188.39451042060838
home_004381,205.0,208.8135367930222
home_004486,115.0,116.4471886249326
home_000361,211.0,205.01403480708467
home_005097,95.0,129.77355993792938
home_003367,278.0,262.27555934060916
home_004880,117.0,154.29431593755618
home_004001,190.0,196.92260111335446
home_002706,346.0,265.5709505650182
home_001508,250.0,164.75664405109143
home_001922,138.0,141.28180095376274
home_001549,154.0,161.78547184519417
home_000013,119.0,161.27409134833295
home_004901,125.0,135.02435599152977
home_001394,193.0,168.8140250082404
home_001098,245.0,223.65915862663934
home_004542,140.0,135.47657713553664
home_003358,168.0,210.3466760267665
home_002699,217.0,274.32591380274505
home_001863,204.0,179.87709068654516
home_000411,160.0,250.79603592710828
home_005100,253.0,245.98771358650876
home_005202,251.0,242.0911932567302
home_000323,168.0,140.03462642635608
home_001786,157.0,134.86973164412376
home_003346,203.0,171.60472883075326
home_000959,184.0,208.2201253407314
home_002459,133.0,106.63310399261431
home_002387,134.0,149.30455659437422
home_004297,120.0,138.85396641884455
home_004379,276.0,256.6419876600486
home_003834,244.0,197.89828581863557
home_005106,190.0,231.95123338958234
home_000096,248.0,220.2900443275643
home_004927,242.0,255.73302477616826
home_002911,210.0,196.3495967603173
home_004185,116.0,142.244690173333
home_002787,215.0,222.64924538309748
home_001681,138.0,125.96321082520696
home_000758,221.0,261.32148332220663
home_000860,192.0,233.98744280018644
home_003434,101.0,149.94770852157006
home_001201,136.0,179.51099759579085
home_004209,232.0,201.9535216044359
home_004849,130.0,127.83215426661154
home_004299,87.0,98.73402992723997
home_001026,351.0,245.2731200840663
home_002824,239.0,254.33671816013583
home_004434,350.0,179.12324915053193
home_003705,259.0,202.71762326955903
home_001466,375.0,254.69806742793062
home_001796,182.0,171.72857181727875
home_000805,155.0,144.90389380824212
home_002355,179.0,209.2531149777903
home_004863,147.0,219.10819610646686
home_003365,115.0,140.38495000327114
home_003216,273.0,248.89617414274971
home_005030,171.0,201.5447351307319
home_001258,111.0,123.3783408152874
home_002611,216.0,196.0210864418968
home_001180,167.0,154.00299854038863
home_004629,209.0,267.5876245186502
home_000624,201.0,205.64562144313
home_003160,295.0,194.89125567981674
home_000366,197.0,173.7642200694815
home_000702,309.0,257.84860556561176
home_003204,218.0,176.51220760110618
home_003875,251.0,285.1723833204659
home_000946,138.0,195.83000485496524
home_002610,238.0,205.5025130380842
home_002257,149.0,220.867937372534
home_002178,173.0,226.42442026110228
home_003342,158.0,202.1668203804847
home_003469,132.0,208.44489062485246
home_000646,222.0,210.67878828273368
home_002024,241.0,212.30374626799286
home_001606,277.0,227.75503005349952
home_004580,228.0,246.6706652865735
home_005169,118.0,118.99970409574371
home_003336,180.0,228.4554635176406
home_000698,265.0,237.13791259317088
home_003813,225.0,198.2256146223611
home_002496,142.0,145.41716712831396
home_001908,350.0,231.29629541310487
home_003232,242.0,182.23797975253476
home_004105,221.0,182.94633362892142
home_002312,151.0,208.20995724623958
home_004096,99.0,139.8438403889217
home_000385,265.0,279.69511259817443
home_000672,138.0,179.87047970454543
home_002651,161.0,175.18111452859145
home_004904,131.0,155.2484887853081
home_000723,117.0,142.83436555229858
home_004917,230.0,220.81967113182745
home_000574,143.0,186.08812553273788
home_003154,225.0,171.3516012049748
home_001605,136.0,141.4549544993654
home_001487,139.0,126.95493011131487
home_002893,305.0,227.61777861875763
home_001228,104.0,124.79339971917078
home_004794,212.0,199.92531710977408
home_003153,258.0,275.49713813512756
home_001792,231.0,241.51750384710914
home_003101,262.0,218.91995832912198
home_002750,134.0,153.0388039831268
home_002741,273.0,214.86053895336676
home_002464,247.0,152.950402180754
home_002217,102.0,150.38933715789713
home_002628,159.0,238.25124800426934
home_002470,285.0,242.13289817363233
home_002710,178.0,225.08226007153996
home_004332,180.0,199.74992425458115
home_004626,150.0,200.35943372233936
home_005115,91.0,117.59280719991803
home_004992,118.0,146.73537425080556
home_000255,170.0,217.36795902517693
home_002465,144.0,160.0974380183996
home_004008,196.0,192.36072566212206
home_005041,149.0,140.89729744057598
home_004657,267.0,260.2061735344133
home_000828,148.0,174.6554120929362
home_001509,135.0,156.5333120848861
home_003931,196.0,227.96016999493875
home_001883,111.0,154.8496162403302
home_004126,144.0,143.4836909724367
home_003767,262.0,226.99627454051765
home_004886,293.0,218.9826935270626
home_004362,127.0,169.32519575725897
home_001556,175.0,243.20710481927455
home_002145,246.0,232.13357124820757
home_004273,232.0,240.4566118107698
home_002011,252.0,251.8300570555827
home_001925,102.0,129.36700780164614
home_004855,240.0,201.77293924702622
home_001870,152.0,140.48640662028592
home_001712,140.0,133.06795601464285
home_003511,72.0,124.40529852905271
home_003864,121.0,128.9723671394882
home_003992,157.0,156.7034465510041
home_002277,190.0,139.29434511335842
home_000399,126.0,123.41312259516239
home_004905,225.0,225.62738772751345
home_002015,186.0,171.59204601132396
home_004737,192.0,232.24287979006462
home_004467,259.0,214.87749819193579
home_003426,163.0,167.90295500388305
home_000254,195.0,228.3042588138095
home_003320,168.0,169.9625046189061
home_004703,196.0,161.8367853319766
home_002208,355.0,265.21944754848965
home_000102,240.0,184.642966673863
home_001113,293.0,252.59930492647197
home_001015,340.0,221.60032358588666
home_003607,139.0,163.22919916177602
home_001554,108.0,133.03308304897683
home_001696,263.0,248.50323432226728
home_002377,101.0,111.74733032838088
home_002595,140.0,179.7012495824951
home_004186,130.0,178.4172167194714
home_005101,124.0,129.25090306461067
home_003971,178.0,165.356689658173
home_000967,173.0,193.25480379243453
home_004158,118.0,129.6012434465685
home_003044,244.0,193.47667346054374
home_002361,107.0,131.13331241288785
home_004924,227.0,205.5496360757594
home_003771,136.0,154.8571572331591
home_002538,110.0,107.61026398588463
home_002456,238.0,269.12376086059976
home_003437,227.0,222.13321055092553
home_002874,175.0,220.79864461696525
home_004038,193.0,237.4085824430357
home_003584,339.0,297.74992716352244
home_001618,216.0,189.39849406819118
home_003290,152.0,162.16143027503287
home_001289,151.0,178.48102245865047
home_005108,136.0,157.22162612650135
home_001644,121.0,121.16090774861381
home_002116,104.0,152.3497845384512
home_002653,118.0,126.58799883986833
home_003226,200.0,274.7975016877943
home_000422,217.0,218.02136542935958
home_003876,116.0,154.14580050651574
home_000511,161.0,157.1800473892152
home_003897,181.0,205.5901817814349
home_004386,223.0,178.5793368876194
home_000135,188.0,154.4327607558533
home_001217,193.0,227.60824516942162
home_003898,167.0,201.05576803847234
home_004666,130.0,131.03889676070025
home_004986,203.0,182.5647971619996
home_003035,138.0,124.16002027471909
home_004182,269.0,259.55375767194414
home_001342,223.0,150.57080292820018
home_000158,169.0,155.95476609458848
home_004081,179.0,162.41392740955504
home_001087,145.0,136.99651222822376
home_001541,174.0,175.86836780012908
home_001338,207.0,218.95837898980443
home_002311,171.0,215.70553142979247
home_002168,152.0,142.97429795675635
home_004708,233.0,251.16609684921474
home_004545,132.0,158.5430637711083
home_004831,169.0,146.0173845467542
home_001199,154.0,203.59683269136727
home_001835,269.0,238.19110834364324
home_003754,359.0,301.0359370517075
home_003402,108.0,107.90837295795018
home_000175,361.0,280.1945548328026
home_000746,111.0,107.1754623343164
home_004541,248.0,280.5996730352665
home_001992,362.0,281.8936860521122
home_001357,224.0,221.79915031503225
home_000668,208.0,243.86966860442527
home_000178,270.0,346.12523855582197
home_001527,113.0,107.64054760026845
home_003670,149.0,132.21859554334046
home_001223,139.0,190.18442111515367
home_004598,246.0,207.53686957720768
home_005043,250.0,188.09279729710377
home_001524,254.0,238.74401540862317
home_002123,135.0,197.3446044590173
home_001727,162.0,184.61720385927384
home_002879,225.0,216.73695314588664
home_004743,147.0,142.5947134248571
home_001475,193.0,238.4398405817136
home_004401,259.0,171.66914310452304
home_000132,97.0,135.86093963772984
home_003622,116.0,131.16799475768156
home_000081,124.0,163.11241170921005
home_001514,105.0,126.81066481744787
home_000863,205.0,166.32121334888566
home_002193,211.0,211.24711375070382
home_005186,294.0,270.74433435854235
home_003618,164.0,143.07291869671323
home_005191,77.0,135.4352864899734
home_001640,105.0,141.27327456612608
home_002350,255.0,287.05731129981126
home_004072,203.0,186.27860820881412
home_001920,115.0,135.94595318138667
home_000928,212.0,152.8015505684399
home_003147,289.0,211.7582105803715
home_004816,108.0,158.236391230002
home_004624,183.0,224.34899512014445
home_004132,244.0,232.88567689144384
