home_id,community,metro,permit_authority,plan_name,plan_code,product_line,beds,baths,half_baths,sqft,stories,garage_size,basement_type,lot_type,lot_size_sqft,is_spec_home,selected_options_value,site_manager,sale_date,permit_application_date,permit_issue_date,construction_start_date,construction_end_date,final_inspection_date,change_order_count,trade_invoice_total,data_source,construction_status
home_004153,Cranston Ridge,Calgary,City of Calgary,Birch,TH-102,Townhome,3.0,2,1,1330,2,1,Unfinished,Flat,2400.0,True,18500,manager_05,,2025-10-10,2025-11-04,2025-12-07,,,,,BUILDPRO_EXPORT,In Progress
home_003424,Mahogany Point,Calgary,Rocky View County,Cedar,TH-103,Townhome,3.0,3,0,1390,2,1,None,Flat,2950.0,False,21100,manager_16,2025-10-02,2025-10-14,2025-11-08,2025-12-29,,,,,BUILDPRO_EXPORT,In Progress
home_002609,Aurora Highlands,Denver,Adams County,Aspen,TH-101,Townhome,2.0,2,0,1230,2,1,None,Flat,2850.0,False,26800,manager_02,2025-08-18,2025-04-13,2025-08-12,2025-10-01,,,,,BUILDPRO_EXPORT,In Progress
home_003366,Aurora Highlands,Denver,Adams County,Dogwood,TH-104,Townhome,2.0,2,1,1250,2,1,None,Flat,2050.0,False,3600,manager_15,2025-10-29,2025-10-24,2025-11-03,2025-11-25,,,,,BUILDPRO_EXPORT,In Progress
home_002107,Barefoot Lakes,Denver,Adams County,Juniper,SF-304,Single Family,4.0,3,1,23200,2,2,Finished,Flat,5050.0,False,20900,manager_04,2025-10-17,2025-10-08,2025-11-01,2025-12-04,,,,,BUILDPRO_EXPORT,In Progress
home_001960,Riverbend,Calgary,City of Calgary,Nyssa,SF-309,Single Family,5.0,5,0,3260,2,3,Unfinished,Corner,6150.0,False,16500,manager_18,2025-09-04,2025-06-18,2025-08-16,2025-10-06,,,,,BUILDPRO_EXPORT,In Progress
home_004099,Mahogany Point,Calgary,Rocky View County,Ironwood,SF-303,Single Family,4.0,3,0,2220,2,2,Unfinished,Flat,6400.0,False,25400,manager_09,,2025-02-09,2025-09-07,2025-10-31,,,,,BUILDPRO_EXPORT,In Progress
home_003258,LAUREL GREEN,Edmonton,City of Edmonton,Poplar,SF-306,Single Family,4.0,4,0,2880,2,2,Unfinished,Flat,5450.0,False,18500,manager_11,2025-05-13,2025-05-21,2025-07-15,2025-09-11,,,,,BUILDPRO_EXPORT,In Progress
home_003304, Cranston Ridge,Calgary,City of Calgary,Aspen,TH-101,Townhome,2.0,2,0,1160,2,1,None,Flat,2400.0,False,29800,manager_10,2025-10-20,2025-09-25,2025-10-15,2025-12-01,,,,,BUILDPRO_EXPORT,In Progress
home_000480,Sterling Ranch,Denver,Douglas County,Oakmont,SF-302,Single Family,3.0,3,0,2180,1,3,Finished,Flat,7300.0,True,7400,manager_10,,2025-07-03,2025-09-19,2025-10-27,,,,,BUILDPRO_EXPORT,In Progress
home_001265,Auburn Meadows,Calgary,City of Calgary,Cedar,TH-103,Townhome,3.0,3,0,1400,2,1,None,Flat,2300.0,False,33900,manager_16,2025-07-19,2025-07-09,2025-08-13,2025-09-30,,,,,BUILDPRO_EXPORT,In Progress
home_004278,Barefoot Lakes,Denver,Adams County,Larch,SF-307,Single Family,5.0,4,0,2840,2,3,Unfinished,Flat,7900.0,False,11200,manager_07,2025-05-23,2025-08-27,2025-10-02,2025-10-16,,,,,BUILDPRO_EXPORT,In Progress
home_004803,Legacy Gate,Calgary,Rocky View County,Larch,SF-307,Single Family,5.0,4,0,2900,2,3,None,Flat,7250.0,False,33400,manager_17,2025-08-26,2025-06-13,2025-09-18,2025-10-15,,,,,BUILDPRO_EXPORT,In Progress
home_001002,Keswick Landing,Edmonton,Leduc County,Katsura,SF-305,Single Family,4.0,4,0,2580,2,3,Unfinished,Walkout,5500.0,False,21600,manager_14,2025-10-02,2025-10-01,2025-11-10,2025-12-01,,,,,BUILDPRO_EXPORT,In Progress
home_004145,Riverbend,Calgary,City of Calgary,Aspen,TH-101,Townhome,2.0,2,0,1220,2,1,None,Flat,2650.0,False,9100,manager_03,2025-07-31,2025-05-18,2025-08-05,2025-09-22,,,,,BUILDPRO_EXPORT,In Progress
home_002133,Windermere,Edmonton,City of Edmonton,Katsura,SF-305,Single Family,4.0,4,0,2770,2,3,Unfinished,Flat,5800.0,False,44300,manager_13,2025-10-17,2025-11-03,2025-11-20,2025-12-13,,,,,BUILDPRO_EXPORT,In Progress
home_003182,Cranston Ridge,Calgary,City of Calgary,Ironwood,SF-303,Single Family,4.0,3,0,2100,2,2,None,Flat,5450.0,False,35200,manager_05,2025-04-14,2025-08-11,2025-09-15,2025-09-22,,,,,BUILDPRO_EXPORT,In Progress
home_001446,Windermere ,Edmonton,City of Edmonton,Cedar,TH-103,Townhome,3.0,3,0,1460,2,1,None,Flat,2350.0,False,42500,manager_11,2025-04-05,2025-07-28,2025-08-23,2025-09-15,,,,,BUILDPRO_EXPORT,In Progress
home_004454,Keswick Landing,Edmonton,Leduc County,Birch,TH-102,Townhome,3.0,2,1,1250,2,1,None,Flat,2950.0,False,35900,manager_01,2025-08-06,2025-10-25,2025-11-21,2025-11-26,,,,,BUILDPRO_EXPORT,In Progress
home_003175,Barefoot Lakes,Denver,Adams County,Maple,SF-308,Single Family,5.0,4,1,3230,2,3,Unfinished,Flat,3550.0,True,4400,manager_15,,2025-12-02,2025-12-08,2025-12-31,,,,,BUILDPRO_EXPORT,In Progress
home_003171,Aurora Highlands,Denver,Adams County,Larch,SF-307,Single Family,5.0,4,0,2710,2,3,Finished,Flat,6750.0,False,44000,manager_11,2025-09-15,2025-07-22,2025-08-31,2025-10-12,,,,,BUILDPRO_EXPORT,In Progress
home_003695,Glenridding,Edmonton,City of Edmonton,Larch,SF-307,Single Family,5.0,4,0,2770,2,3,Unfinished,Flat,6300.0,False,30900,manager_09,2025-04-10,2025-07-22,2025-08-20,2025-09-14,,,,,BUILDPRO_EXPORT,In Progress
home_004069,Riverbend,Calgary,City of Calgary,Dogwood,TH-104,Townhome,2.0,2,1,1240,2,1,None,Flat,2150.0,False,35600,manager_09,2025-06-21,2025-05-14,2025-07-28,2025-08-30,,,,,BUILDPRO_EXPORT,In Progress
home_004586,Barefoot Lakes,Denver,Adams County,Fir,DX-202,Duplex,3.0,3,0,1610,2,2,None,Flat,3500.0,False,39900,manager_10,,2025-08-25,2025-09-24,2025-10-03,,,,,BUILDPRO_EXPORT,In Progress
home_003448,Barefoot Lakes,Denver,Adams County,Oakmont,SF-302,Single Family,3.0,3,0,2220,1,3,Unfinished,Corner,5650.0,False,37500,manager_11,2025-11-19,2025-10-08,2025-11-05,2025-12-15,,,,,BUILDPRO_EXPORT,In Progress
home_003456,Glenridding,Edmonton,City of Edmonton,Aspen,TH-101,Townhome,2.0,2,0,1190,2,1,None,Flat,2600.0,True,8400,manager_18,,2025-10-13,2025-11-15,2025-12-10,,,,,BUILDPRO_EXPORT,In Progress
home_000919,Glenridding,Edmonton,City of Edmonton,Ironwood,SF-303,Single Family,4.0,3,0,2010,2,2,None,Walkout,5900.0,True,11800,manager_14,,2025-08-02,2025-10-13,2025-11-07,,,,,BUILDPRO_EXPORT,In Progress
home_001139,Legacy Gate,Calgary,Rocky View County,Dogwood,TH-104,Townhome,2.0,2,1,1240,2,1,None,Flat,3100.0,False,34200,manager_05,2025-03-05,2025-06-27,2025-07-22,2025-08-06,,,,,BUILDPRO_EXPORT,In Progress
home_001828,Laurel Green,Edmonton,City of Edmonton,Aspen,TH-101,Townhome,2.0,2,0,1320,2,1,Unfinished,Flat,,True,26100,manager_05,,2025-06-04,2025-07-16,2025-08-02,,,,,BUILDPRO_EXPORT,In Progress
home_003777,Mahogany Point,Calgary,Rocky View County,Ironwood,SF-303,Single Family,4.0,3,0,2030,2,2,Unfinished,Flat,6300.0,True,5300,manager_12,,2025-07-18,2025-09-17,2025-10-22,,,,,BUILDPRO_EXPORT,In Progress
home_003038,Keswick Landing,Edmonton,Leduc County,Ginkgo,DX-203,Duplex,4.0,3,0,1690,2,2,None,Walkout,3750.0,False,32800,manager_06,2025-04-08,2025-06-23,2025-08-01,2025-08-14,,,,,BUILDPRO_EXPORT,In Progress
home_004728,Auburn Meadows,Calgary,City of Calgary,Nyssa,SF-309,Single Family,5.0,5,0,3360,2,3,None,Corner,5450.0,False,36800,manager_09,2025-05-10,2025-08-14,2025-10-10,2025-10-16,,,,,BUILDPRO_EXPORT,In Progress
home_004446,Riverbend,Calgary,City of Calgary,Maple,SF-308,Single Family,5.0,4,1,2970,2,3,Unfinished,Flat,6000.0,False,35800,manager_09,2025-07-27,2025-06-06,2025-09-22,2025-10-15,,,,,BUILDPRO_EXPORT,In Progress
home_000090,Barefoot Lakes,Denver,Adams County,Aspen,TH-101,Townhome,2.0,2,0,1120,2,1,None,Flat,2200.0,False,35800,manager_03,2025-07-08,2025-06-21,2025-07-18,2025-09-11,,,,,BUILDPRO_EXPORT,In Progress
home_003690,Aurora Highlands,Denver,Adams County,Larch,SF-307,Single Family,5.0,4,0,2850,2,Triple,Unfinished,Walkout,5200.0,True,10800,manager_04,,2025-08-06,2025-08-24,2025-09-23,,,,,BUILDPRO_EXPORT,In Progress
home_003652,Riverbend,Calgary,City of Calgary,Birch,TH-102,Townhome,3.0,2,1,1330,2,1,None,Flat,1850.0,False,22700,manager_18,2025-06-15,2025-08-01,2025-08-30,2025-10-14,,,,,BUILDPRO_EXPORT,In Progress
home_004734,Green Valley,Denver,City of Denver,Birch,TH-102,Townhome,3.0,2,1,1310,2,1,None,Flat,2650.0,False,31100,manager_05,2025-07-06,2025-06-23,2025-09-21,2025-11-19,,,,,BUILDPRO_EXPORT,In Progress
home_000459,Auburn Meadows,Calgary,City of Calgary,Birch,TH-102,Townhome,3.0,2,1,1390,2,1,None,Flat,2000.0,False,22300,manager_01,,2025-09-12,2025-09-24,2025-10-12,,,,,BUILDPRO_EXPORT,In Progress
home_000134,Glenridding,Edmonton,City of Edmonton,Elm,DX-201,Duplex,3.0,2,1,1510,2,2,Unfinished,Corner,2650.0,False,11400,manager_05,2025-08-28,2025-08-25,2025-09-23,2025-10-11,,,,,BUILDPRO_EXPORT,In Progress
home_002622,Riverbend,Calgary,City of Calgary,Birch,TH-102,Townhome,3.0,2,1,1340,2,1,None,Flat,2550.0,True,30500,manager_04,,2025-08-30,2025-10-09,2025-10-20,,,,,BUILDPRO_EXPORT,In Progress
home_001381,Auburn Meadows,Calgary,City of Calgary,Dogwood,TH-104,Townhome,,2,1,1260,2,1,None,Flat,2000.0,False,38800,manager_11,2025-07-26,2025-07-05,2025-08-03,2025-08-30,,,,,BUILDPRO_EXPORT,In Progress
home_002891,Riverbend,Calgary,City of Calgary,Aspen,TH-101,Townhome,2.0,2,0,1150,2,1,None,Flat,2850.0,True,2300,manager_14,,2025-03-13,2025-08-06,2025-10-02,,,,,BUILDPRO_EXPORT,In Progress
home_002108,Windermere,Edmonton,City of Edmonton,Oakmont,SF-302,Single Family,3.0,3,0,2220,1,3,Unfinished,Walkout,6150.0,False,14700,manager_14,2025-08-09,2025-11-02,2025-12-13,2025-12-27,,,,,BUILDPRO_EXPORT,In Progress
home_001059,Riverbend,Calgary,City of Calgary,Aspen,TH-101,Townhome,2.0,2,0,1230,2,1,None,Flat,2200.0,False,24300,manager_03,2025-07-22,2025-06-13,2025-07-01,2025-08-20,,,,,BUILDPRO_EXPORT,In Progress
home_002382,Cranston Ridge,Calgary,City of Calgary,Dogwood,TH-104,Townhome,2.0,2,1,1250,2,Single,None,Flat,2250.0,False,28600,manager_08,2025-07-16,2025-06-30,2025-10-01,2025-10-23,,,,,BUILDPRO_EXPORT,In Progress
home_001419,Barefoot Lakes,Denver,Adams County,Cedar,TH-103,Townhome,3.0,3,0,1520,2,1,None,Flat,3300.0,True,4200,manager_16,,2025-11-26,2025-12-08,2025-12-25,,,,,BUILDPRO_EXPORT,In Progress
home_001765,Laurel Green,Edmonton,City of Edmonton,Larch,SF-307,Single Family,5.0,4,0,3040,2,3,Unfinished,Corner,7600.0,False,15600,manager_07,2025-05-14,2025-08-02,2025-08-30,2025-10-15,,,,,BUILDPRO_EXPORT,In Progress
home_001091,Riverbend,Calgary,City of Calgary,Ironwood,SF-303,Single Family,4.0,3,0,2050,2,2,Finished,Flat,5700.0,False,16200,manager_15,2025-05-31,2025-07-18,2025-08-11,2025-09-17,,,,,BUILDPRO_EXPORT,In Progress
home_003399,Aurora Highlands,Denver,Adams County,Fir,DX-202,Duplex,3.0,3,0,1610,2,2,None,Flat,3750.0,False,28500,manager_09,2025-04-25,2025-09-04,2025-09-10,2025-09-26,,,,,BUILDPRO_EXPORT,In Progress
home_000799,Windermere,Edmonton,City of Edmonton,Elm,DX-201,Duplex,3.0,2,1,1430,2,2,Unfinished,Flat,4100.0,True,11400,manager_09,,2025-06-18,2025-07-14,2025-09-08,,,,,BUILDPRO_EXPORT,In Progress
home_004473,Auburn Meadows,Calgary,City of Calgary,Oakmont,SF-302,Single Family,3.0,3,0,2200,1,3,Unfinished,Walkout,5900.0,False,5400,manager_12,2025-04-27,2025-03-16,2025-06-15,2025-08-11,,,,,BUILDPRO_EXPORT,In Progress
home_003036,Barefoot Lakes ,Denver,Adams County,Dogwood,TH-104,Townhome,2.0,2,1,1300,2,1,None,Flat,2150.0,False,20200,manager_16,2025-03-13,2025-07-11,2025-07-28,2025-08-17,,,,,BUILDPRO_EXPORT,In Progress
home_004603,Sterling Ranch,Denver,Douglas County,Elm,DX-201,Duplex,3.0,2,1,1510,2,2,None,Flat,3700.0,False,75100,manager_17,2025-03-24,2025-05-23,2025-07-02,2025-08-15,,,,,BUILDPRO_EXPORT,In Progress
home_001380,Laurel Green,Edmonton,City of Edmonton,Hawthorn,SF-301,Single Family,3.0,2,0,1910,1,2,None,Flat,4150.0,False,41200,manager_15,2025-05-09,2025-05-21,2025-07-21,2025-09-02,,,,,BUILDPRO_EXPORT,In Progress
home_000831,Laurel Green,Edmonton,City of Edmonton,Cedar,TH-103,Townhome,3.0,3,0,1400,2,1,None,Flat,2050.0,False,20000,manager_08,2025-07-09,2025-07-27,2025-09-13,2025-09-18,,,,,BUILDPRO_EXPORT,In Progress
home_004166,Legacy Gate,Calgary,Rocky View County,Birch,TH-102,Townhome,3.0,2,1,1340,2,1,Unfinished,Corner,1650.0,False,18300,manager_03,2025-10-08,2025-08-13,2025-10-23,2025-11-07,,,,,BUILDPRO_EXPORT,In Progress
home_000494,Cranston Ridge,Calgary,City of Calgary,Dogwood,TH-104,Townhome,2.0,2,1,1180,2,1,None,Flat,2600.0,False,69900,manager_09,,2025-03-19,2025-07-05,2025-09-03,,,,,BUILDPRO_EXPORT,In Progress
home_003707,Windermere,Edmonton,City of Edmonton,Birch,TH-102,Townhome,3.0,2,1,1300,2,1,Unfinished,Flat,2400.0,False,48000,manager_04,2025-04-17,2025-06-13,2025-07-01,2025-08-29,,,,,BUILDPRO_EXPORT,In Progress
home_001593,Glenridding,Edmonton,City of Edmonton,Ironwood,SF-303,Single Family,4.0,3,0,2120,2,2,Unfinished,Walkout,6700.0,False,17400,manager_08,2025-06-27,2025-08-02,2025-09-28,2025-11-05,,,,,BUILDPRO_EXPORT,In Progress
home_005013,legacy gate,Calgary,Rocky View County,Larch,SF-307,Single Family,5.0,4,0,2710,2,Triple,Unfinished,Walkout,5700.0,True,8800,manager_11,,2025-06-13,2025-07-27,2025-08-14,,,,,BUILDPRO_EXPORT,In Progress
home_002431,Legacy Gate,Calgary,Rocky View County,Aspen,TH-101,Townhome,2.0,2,0,1250,2,1,None,Flat,2500.0,False,15400,manager_16,2025-05-14,2025-08-22,2025-10-03,2025-10-23,,,,,BUILDPRO_EXPORT,In Progress
home_004141,Cranston Ridge,Calgary,City of Calgary,Oakmont,SF-302,Single Family,3.0,3,0,2280,1,3,Unfinished,Flat,6300.0,True,4200,manager_08,,2025-09-16,2025-10-11,2025-10-30,,,,,BUILDPRO_EXPORT,In Progress
home_004097,Auburn Meadows,Calgary,City of Calgary,Cedar,TH-103,Townhome,3.0,3,0,13700,2,1,None,Flat,1950.0,False,29100,manager_03,2025-07-17,2025-09-10,2025-11-20,2025-11-27,,,,,BUILDPRO_EXPORT,In Progress
home_000682,Cranston Ridge,Calgary,City of Calgary,Elm,DX-201,Duplex,3.0,2,1,1500,2,2,None,Walkout,3600.0,False,19100,manager_02,2025-05-20,2025-08-19,2025-09-15,2025-10-08,,,,,BUILDPRO_EXPORT,In Progress
home_000285,Auburn Meadows,Calgary,City of Calgary,Ironwood,SF-303,Single Family,4.0,3,0,1950,2,2,Finished,Walkout,5050.0,False,23200,manager_10,2025-07-10,2025-10-18,2025-11-16,2025-11-21,,,,,BUILDPRO_EXPORT,In Progress
home_001286,Mahogany Point,Calgary,Rocky View County,Larch,SF-307,Single Family,5.0,4,0,2810,2,3,Unfinished,Flat,4400.0,False,11500,manager_15,2025-07-24,2025-05-15,2025-08-20,2025-09-12,,,,,BUILDPRO_EXPORT,In Progress
home_003917,Mahogany Point,Calgary,Rocky View County,Elm,DX-201,Duplex,3.0,2,1,1630,2,2,Unfinished,Flat,4300.0,False,53600,manager_13,2025-09-22,2025-09-16,2025-10-02,2025-10-27,,,,,BUILDPRO_EXPORT,In Progress
home_000774,Glenridding ,Edmonton,City of Edmonton,Larch,SF-307,Single Family,5.0,4,0,2770,2,3,Unfinished,Corner,7400.0,False,43000,manager_11,2025-06-06,2025-10-22,2025-10-28,2025-11-11,,,,,BUILDPRO_EXPORT,In Progress
home_001293,KESWICK LANDING,Edmonton,Leduc County,Oakmont,SF-302,Single Family,3.0,3,0,2160,1,3,Unfinished,Flat,7300.0,False,28400,manager_05,2025-08-09,2025-11-14,2025-12-04,2025-12-11,,,,,BUILDPRO_EXPORT,In Progress
home_003510,Green Valley ,Denver,City of Denver,Aspen,TH-101,Townhome,2.0,2,0,1100,2,1,None,Flat,1700.0,True,17300,manager_17,,2025-05-29,2025-08-27,2025-09-29,,,,,BUILDPRO_EXPORT,In Progress
home_002665,Barefoot Lakes,Denver,Adams County,Poplar,SF-306,Single Family,4.0,4,0,2620,2,2,Unfinished,Flat,6000.0,False,44100,manager_11,2025-07-09,2025-09-04,2025-10-03,2025-10-27,,,,,BUILDPRO_EXPORT,In Progress
home_002199,Green Valley,Denver,City of Denver,Fir,DX-202,Duplex,3.0,3,0,1670,2,2,Unfinished,Walkout,3050.0,True,6300,manager_05,,2025-08-10,2025-10-07,2025-11-07,,,,,BUILDPRO_EXPORT,In Progress
home_001132,Mahogany Point,Calgary,Rocky View County,Juniper,SF-304,Single Family,4.0,3,1,2330,2,2,Unfinished,Flat,7100.0,False,69700,manager_11,2025-10-30,2025-09-20,2025-10-25,2025-12-17,,,,,BUILDPRO_EXPORT,In Progress
home_003920,Windermere,Edmonton,City of Edmonton,Cedar,TH-103,Townhome,3.0,3,0,1420,2,1,None,Flat,2300.0,False,18100,manager_18,2025-09-25,2025-09-05,2025-09-22,2025-11-15,,,,,BUILDPRO_EXPORT,In Progress
home_002524,RIVERBEND,Calgary,City of Calgary,Aspen,TH-101,Townhome,2.0,2,0,1150,2,1,None,Flat,2250.0,False,15200,manager_01,2025-07-13,2025-08-21,2025-10-03,2025-11-05,,,,,BUILDPRO_EXPORT,In Progress
home_000246,Sterling Ranch,Denver,Douglas County,Cedar,TH-103,Townhome,3.0,3,0,1410,2,1,None,Flat,2450.0,False,25000,manager_08,2025-05-23,2025-06-14,2025-08-02,2025-08-16,,,,,BUILDPRO_EXPORT,In Progress
home_004707,Cranston Ridge,Calgary,City of Calgary,Nyssa,SF-309,Single Family,5.0,5,0,3310,2,3,Finished,Flat,7850.0,False,46200,manager_12,2025-06-29,2025-09-02,2025-09-11,2025-10-27,,,,,BUILDPRO_EXPORT,In Progress
home_000171,auburn meadows,Calgary,City of Calgary,Nyssa,SF-309,Single Family,5.0,5,0,3260,2,3,Finished,Walkout,6100.0,False,25300,manager_07,2025-07-05,2025-08-24,2025-10-10,2025-12-05,,,,,BUILDPRO_EXPORT,In Progress
home_003501,Windermere,Edmonton,City of Edmonton,Dogwood,TH-104,Townhome,2.0,2,1,1190,2,1,None,Flat,2350.0,False,27400,manager_14,,2025-07-08,2025-07-27,2025-09-22,,,,,BUILDPRO_EXPORT,In Progress
home_005020,Aurora Highlands,Denver,Adams County,Aspen,TH-101,Townhome,2.0,2,0,1230,2,1,None,Flat,2450.0,False,30000,manager_16,2025-09-25,2025-11-23,2025-11-29,2025-12-23,,,,,BUILDPRO_EXPORT,In Progress
home_001969,Wildgrass,Denver,Douglas County,Poplar,SF-306,Single Family,4.0,4,0,2780,2,2,Finished,Corner,8200.0,False,14300,manager_10,2025-07-21,2025-09-06,2025-11-10,2025-12-01,,,,,BUILDPRO_EXPORT,In Progress
home_004826,Auburn Meadows,Calgary,City of Calgary,Nyssa,SF-309,Single Family,5.0,5,0,3550,2,3,Unfinished,Walkout,6200.0,True,3200,manager_11,,2025-09-12,2025-10-05,2025-10-21,,,,,BUILDPRO_EXPORT,In Progress
home_004965, Aurora Highlands,Denver,Adams County,Maple,SF-308,Single Family,5.0,4,1,3100,2,3,Unfinished,Flat,4600.0,False,47300,manager_11,2025-11-18,2025-09-23,2025-11-02,2025-12-18,,,,,BUILDPRO_EXPORT,In Progress
home_000509,Green Valley,Denver,City of Denver,Katsura,SF-305,Single Family,4.0,4,0,2740,2,3,None,Flat,5700.0,False,9700,manager_14,,2025-09-08,2025-11-06,2025-12-28,,,,,BUILDPRO_EXPORT,In Progress
home_004311,Sterling Ranch,Denver,Douglas County,Katsura,SF-305,Single Family,4.0,4,0,2690,2,3,Unfinished,Flat,2950.0,False,86900,manager_14,2025-05-31,2025-07-01,2025-07-25,2025-08-13,,,,,BUILDPRO_EXPORT,In Progress
home_000525,Legacy Gate,Calgary,Rocky View County,Birch,TH-102,Townhome,3.0,2,1,1320,2,1,None,Corner,2000.0,False,48900,manager_08,,2025-04-16,2025-08-23,2025-10-03,,,,,BUILDPRO_EXPORT,In Progress
home_004710,Aurora Highlands,Denver,Adams County,Juniper,SF-304,Single Family,4.0,3,1,2460,2,2,Finished,Flat,5350.0,False,46200,manager_07,2025-04-10,2025-08-27,2025-09-13,2025-09-20,,,,,BUILDPRO_EXPORT,In Progress
home_004116,Sterling Ranch,Denver,Douglas County,Maple,SF-308,Single Family,5.0,4,1,3270,2,3,None,Walkout,6050.0,False,52700,manager_05,2025-08-12,2025-10-02,2025-11-09,2025-11-24,,,,,BUILDPRO_EXPORT,In Progress
home_001079,Riverbend,Calgary,City of Calgary,Oakmont,SF-302,Single Family,3.0,3,0,2000,1,3,Finished,Flat,6000.0,False,104500,manager_10,2025-10-20,2025-10-05,2025-12-04,2025-12-26,,,,,BUILDPRO_EXPORT,In Progress
home_003382,Laurel Green,Edmonton,City of Edmonton,Cedar,TH-103,Townhome,3.0,3,0,1370,2,1,None,Corner,2350.0,False,21700,manager_08,2025-06-01,2025-09-10,2025-10-04,2025-11-08,,,,,BUILDPRO_EXPORT,In Progress
home_002488,Windermere,Edmonton,City of Edmonton,Nyssa,SF-309,Single Family,5.0,5,0,3410,2,3,Finished,Flat,6100.0,True,7000,manager_11,,2025-07-04,2025-08-13,2025-08-25,,,,,BUILDPRO_EXPORT,In Progress
home_002513,MAHOGANY POINT,Calgary,Rocky View County,Dogwood,TH-104,Townhome,2.0,2,1,1240,2,1,None,Flat,2500.0,False,17400,manager_16,,2025-04-29,2025-07-16,2025-09-14,,,,,BUILDPRO_EXPORT,In Progress
home_004872,Glenridding,Edmonton,City of Edmonton,Cedar,TH-103,Townhome,3.0,3,0,1380,2,1,None,Flat,2150.0,False,48200,manager_16,,2025-06-11,2025-07-24,2025-08-08,,,,,BUILDPRO_EXPORT,In Progress
home_003184,Green Valley,Denver,City of Denver,Fir,DX-202,Duplex,3.0,3,0,1660,2,2,Unfinished,Flat,2800.0,False,38100,manager_01,2025-09-12,2025-08-03,2025-11-13,2025-11-26,,,,,BUILDPRO_EXPORT,In Progress
home_003755,Keswick Landing,Edmonton,Leduc County,Katsura,SF-305,Single Family,4.0,4,0,2520,2,3,Finished,Walkout,5950.0,True,8600,manager_09,,2025-08-14,2025-11-04,2025-12-01,,,,,BUILDPRO_EXPORT,In Progress
home_002206,Keswick Landing,Edmonton,Leduc County,Cedar,TH-103,Townhome,3.0,3,0,1570,2,1,None,Flat,2000.0,False,31100,manager_18,2025-03-27,2025-07-01,2025-08-02,2025-08-12,,,,,BUILDPRO_EXPORT,In Progress
home_004890,wildgrass,Denver,Douglas County,Birch,TH-102,Townhome,3.0,2,1,1300,2,Single,Unfinished,Flat,2800.0,False,19200,manager_08,2025-06-01,2025-05-31,2025-08-27,2025-10-07,,,,,BUILDPRO_EXPORT,In Progress
home_005211,Laurel Green,Edmonton,City of Edmonton,Poplar,SF-306,Single Family,4.0,4,0,2820,2,2,Unfinished,Flat,4050.0,False,7400,manager_06,,2025-09-17,2025-10-29,2025-12-16,,,,,BUILDPRO_EXPORT,In Progress
home_000263,Legacy Gate,Calgary,Rocky View County,Birch,TH-102,Townhome,3.0,2,1,1360,2,1,None,Flat,2950.0,True,14300,manager_03,,2025-08-27,2025-11-02,2025-11-24,,,,,BUILDPRO_EXPORT,In Progress
home_001635,Legacy Gate,Calgary,Rocky View County,Juniper,SF-304,Single Family,4.0,3,1,2250,2,2,None,Corner,4900.0,False,50100,manager_07,2025-03-26,2025-06-15,2025-07-21,2025-08-05,,,,,BUILDPRO_EXPORT,In Progress
home_004656,Legacy Gate,Calgary,Rocky View County,Birch,TH-102,Townhome,3.0,2,1,1290,2,1,Unfinished,Flat,2350.0,False,30500,manager_01,2025-07-24,2025-07-25,2025-08-22,2025-10-11,,,,,BUILDPRO_EXPORT,In Progress
home_003697,Aurora Highlands,Denver,Adams County,Birch,TH-102,Townhome,3.0,2,1,1350,2,1,None,Flat,2600.0,False,22600,manager_02,2025-05-25,2025-07-01,2025-08-29,2025-10-22,,,,,BUILDPRO_EXPORT,In Progress
home_003644,Cranston Ridge,Calgary,City of Calgary,Fir,DX-202,Duplex,3.0,3,0,1740,2,2,None,Flat,3600.0,False,43000,manager_05,2025-06-27,2025-08-08,2025-10-02,2025-11-15,,,,,BUILDPRO_EXPORT,In Progress
home_000380,Glenridding,Edmonton,City of Edmonton,Cedar,TH-103,Townhome,3.0,3,0,1260,2,1,None,Flat,2550.0,False,31300,manager_04,2025-03-13,2025-06-28,2025-07-08,2025-08-11,,,,,BUILDPRO_EXPORT,In Progress
home_001423,Aurora Highlands,Denver,Adams County,Dogwood,TH-104,Townhome,2.0,2,1,1150,2,1,None,Flat,2400.0,False,24900,manager_08,2025-03-12,2025-07-15,2025-07-23,2025-08-08,,,,,BUILDPRO_EXPORT,In Progress
home_003630,Cranston Ridge,Calgary,City of Calgary,Aspen,TH-101,Townhome,2.0,2,0,1200,2,1,None,Flat,2000.0,False,67800,manager_13,2025-10-26,2025-10-11,2025-11-14,2025-11-28,,,,,BUILDPRO_EXPORT,In Progress
home_004056,Legacy Gate,Calgary,Rocky View County,Nyssa,SF-309,Single Family,5.0,5,0,3390,2,3,Unfinished,Walkout,6400.0,True,11300,manager_17,,2025-11-30,2025-12-20,2025-12-30,,,,,BUILDPRO_EXPORT,In Progress
home_004959,Keswick Landing,Edmonton,Leduc County,Dogwood,TH-104,Townhome,2.0,2,1,1270,2,1,None,Flat,2100.0,False,38100,manager_01,2025-03-09,2025-06-07,2025-07-20,2025-08-09,,,,,BUILDPRO_EXPORT,In Progress
home_003316,Glenridding,Edmonton,City of Edmonton,Oakmont,SF-302,Single Family,3.0,3,0,2180,1,3,Finished,Flat,5350.0,False,35800,manager_13,,2025-10-04,2025-11-02,2025-11-29,,,,,BUILDPRO_EXPORT,In Progress
home_004267,Auburn Meadows,Calgary,City of Calgary,Cedar,TH-103,Townhome,3.0,3,0,1500,2,1,None,Flat,2750.0,True,3600,manager_08,,2025-11-02,2025-12-17,2025-12-27,,,,,BUILDPRO_EXPORT,In Progress
home_001998,Windermere,Edmonton,City of Edmonton,Ginkgo,DX-203,Duplex,4.0,3,0,1650,2,2,Finished,Flat,3600.0,False,30300,manager_04,2025-10-18,2025-10-11,2025-10-25,2025-12-13,,,,,BUILDPRO_EXPORT,In Progress
home_002017,Laurel Green,Edmonton,City of Edmonton,Oakmont,SF-302,Single Family,3.0,3,0,2240,1,3,Unfinished,Flat,8000.0,False,9400,manager_03,2025-05-12,2025-09-07,2025-09-18,2025-10-23,,,,,BUILDPRO_EXPORT,In Progress
home_004151,Glenridding,Edmonton,City of Edmonton,Cedar,TH-103,Townhome,3.0,3,0,1310,2,1,Unfinished,Flat,2400.0,True,9000,manager_05,,2025-08-31,2025-09-09,2025-09-16,,,,,BUILDPRO_EXPORT,In Progress
home_003528,Laurel Green,Edmonton,City of Edmonton,Aspen,TH-101,Townhome,2.0,2,0,1170,2,1,None,Corner,,True,6800,manager_18,,2025-05-25,2025-06-18,2025-08-14,,,,,BUILDPRO_EXPORT,In Progress
home_003724,Keswick Landing,Edmonton,Leduc County,Birch,TH-102,Townhome,3.0,2,1,1240,2,1,None,Flat,2900.0,False,57600,manager_08,2025-05-24,2025-07-27,2025-08-09,2025-08-26,,,,,BUILDPRO_EXPORT,In Progress
home_003463,Riverbend,Calgary,City of Calgary,Birch,TH-102,Townhome,3.0,2,1,1290,2,1,None,Flat,2100.0,False,30100,manager_01,2025-07-15,2025-07-25,2025-08-20,2025-10-02,,,,,BUILDPRO_EXPORT,In Progress
home_001278,Riverbend,Calgary,City of Calgary,Nyssa,SF-309,Single Family,5.0,5,0,3170,2,3,Unfinished,Walkout,5100.0,False,61300,manager_12,2025-03-31,2025-06-23,2025-07-10,2025-08-18,,,,,BUILDPRO_EXPORT,In Progress
home_003535,Sterling Ranch,Denver,Douglas County,Hawthorn,SF-301,Single Family,3.0,2,0,1700,1,2,Finished,Flat,6100.0,False,36900,manager_04,2025-08-17,2025-10-09,2025-11-08,2025-12-08,,,,,BUILDPRO_EXPORT,In Progress
home_001741,Sterling Ranch,Denver,Douglas County,Fir,DX-202,Duplex,,3,0,1700,2,2,Finished,Flat,2950.0,False,21900,manager_01,2025-07-19,2025-08-15,2025-09-24,2025-10-31,,,,,BUILDPRO_EXPORT,In Progress
home_004531,Legacy Gate,Calgary,Rocky View County,Ironwood,SF-303,Single Family,4.0,3,0,2120,2,2,Unfinished,Flat,5000.0,False,26000,manager_08,2025-10-31,2025-10-25,2025-11-12,2025-12-18,,,,,BUILDPRO_EXPORT,In Progress
home_005079,Laurel Green ,Edmonton,City of Edmonton,Fir,DX-202,Duplex,3.0,3,0,1760,2,2,Finished,Corner,3400.0,False,18200,manager_01,2025-08-04,2025-08-06,2025-09-06,2025-10-02,,,,,BUILDPRO_EXPORT,In Progress
home_000375,Legacy Gate,Calgary,Rocky View County,Hawthorn,SF-301,Single Family,3.0,2,0,1950,1,Double,Unfinished,Flat,2400.0,True,7500,manager_08,,2025-08-16,2025-10-30,2025-11-09,,,,,BUILDPRO_EXPORT,In Progress
home_002852,Riverbend,Calgary,City of Calgary,Birch,TH-102,Townhome,3.0,2,1,1270,2,1,None,Flat,2350.0,False,14300,manager_08,2025-10-17,2025-10-01,2025-11-19,2025-12-12,,,,,BUILDPRO_EXPORT,In Progress
home_005069,Legacy Gate,Calgary,Rocky View County,Ironwood,SF-303,Single Family,4.0,3,0,1990,2,2,Unfinished,Flat,6550.0,False,34600,manager_01,2025-09-18,2025-07-23,2025-10-07,2025-11-07,,,,,BUILDPRO_EXPORT,In Progress
home_000463,Legacy Gate,Calgary,Rocky View County,Cedar,TH-103,Townhome,3.0,3,0,1420,2,1,Unfinished,Flat,2050.0,False,67600,manager_03,,2025-06-25,2025-10-22,2025-11-07,,,,,BUILDPRO_EXPORT,In Progress
home_003397,Laurel Green,Edmonton,City of Edmonton,Fir,DX-202,Duplex,3.0,3,0,1610,2,2,None,Flat,4000.0,True,1500,manager_11,,2025-08-23,2025-09-11,2025-10-10,,,,,BUILDPRO_EXPORT,In Progress
home_000428,Wildgrass,Denver,Douglas County,Ironwood,SF-303,Single Family,4.0,3,0,2110,2,2,None,Flat,2700.0,False,30800,manager_09,2025-06-12,2025-05-29,2025-09-15,2025-09-30,,,,,BUILDPRO_EXPORT,In Progress
home_000686,BAREFOOT LAKES,Denver,Adams County,Aspen,TH-101,Townhome,2.0,2,0,1130,2,1,None,Flat,2550.0,False,20300,manager_02,2025-03-21,2025-05-30,2025-06-26,2025-08-12,,,,,BUILDPRO_EXPORT,In Progress
home_003892,Green Valley,Denver,City of Denver,Larch,SF-307,Single Family,5.0,4,0,2890,2,3,None,Flat,4350.0,False,61200,manager_06,2025-07-06,2025-05-16,2025-09-29,2025-11-07,,,,,BUILDPRO_EXPORT,In Progress
home_002669,Glenridding,Edmonton,City of Edmonton,Ironwood,SF-303,Single Family,4.0,3,0,2190,2,2,Unfinished,Flat,7350.0,False,25000,manager_10,2025-07-18,2025-08-15,2025-10-09,2025-11-27,,,,,BUILDPRO_EXPORT,In Progress
home_004191,Riverbend,Calgary,City of Calgary,Oakmont,SF-302,Single Family,3.0,3,0,2290,1,3,Unfinished,Flat,4900.0,False,33900,manager_13,2025-06-17,2025-08-13,2025-10-28,2025-11-12,,,,,BUILDPRO_EXPORT,In Progress
home_000397,Laurel Green,Edmonton,City of Edmonton,Poplar,SF-306,Single Family,4.0,4,0,27700,2,2,Finished,Flat,3750.0,False,11700,manager_18,2025-09-12,2025-08-20,2025-10-07,2025-10-28,,,,,BUILDPRO_EXPORT,In Progress
home_001060,Keswick Landing,Edmonton,Leduc County,Aspen,TH-101,Townhome,2.0,2,0,1120,2,1,Unfinished,Flat,2250.0,True,11400,manager_08,,2025-04-28,2025-09-28,2025-10-26,,,,,BUILDPRO_EXPORT,In Progress
home_004980,Legacy Gate,Calgary,Rocky View County,Aspen,TH-101,Townhome,2.0,2,0,1180,2,1,None,Flat,2750.0,False,29100,manager_08,,2025-08-12,2025-10-04,2025-11-19,,,,,BUILDPRO_EXPORT,In Progress
home_002339,Legacy Gate,Calgary,Rocky View County,Oakmont,SF-302,Single Family,3.0,3,0,2080,1,3,Finished,Walkout,6800.0,False,15300,manager_10,2025-04-25,2025-06-18,2025-07-04,2025-08-16,,,,,BUILDPRO_EXPORT,In Progress
home_002812,Sterling Ranch,Denver,Douglas County,Fir,DX-202,Duplex,3.0,3,0,1680,2,2,Unfinished,Corner,3550.0,False,48300,manager_07,2025-08-27,2025-08-24,2025-09-30,2025-10-06,,,,,BUILDPRO_EXPORT,In Progress
home_003322,Keswick Landing,Edmonton,Leduc County,Maple,SF-308,Single Family,5.0,4,1,3070,2,3,Unfinished,Corner,4900.0,True,4000,manager_15,,2025-07-10,2025-08-06,2025-08-21,,,,,BUILDPRO_EXPORT,In Progress
home_004370,Auburn Meadows,Calgary,City of Calgary,Nyssa,SF-309,Single Family,5.0,5,0,3170,2,3,Unfinished,Flat,5450.0,False,32200,manager_07,,2025-06-29,2025-07-27,2025-08-26,,,,,BUILDPRO_EXPORT,In Progress
home_004247,Keswick Landing,Edmonton,Leduc County,Hawthorn,SF-301,Single Family,3.0,2,0,1750,1,2,Unfinished,Flat,5550.0,True,2800,manager_15,,2025-06-22,2025-10-03,2025-10-09,,,,,BUILDPRO_EXPORT,In Progress
home_000270,Auburn Meadows,Calgary,City of Calgary,Poplar,SF-306,Single Family,4.0,4,0,2750,2,2,Unfinished,Flat,6450.0,False,39100,manager_09,2025-09-10,2025-09-21,2025-10-16,2025-12-01,,,,,BUILDPRO_EXPORT,In Progress
home_002943,Wildgrass,Denver,Douglas County,Larch,SF-307,Single Family,5.0,4,0,2660,2,3,Finished,Walkout,6350.0,False,48800,manager_05,2025-08-08,2025-06-29,2025-08-12,2025-09-27,,,,,BUILDPRO_EXPORT,In Progress
home_003747,Mahogany Point,Calgary,Rocky View County,Fir,DX-202,Duplex,3.0,3,0,1690,2,2,None,Flat,3150.0,False,11200,manager_12,2025-09-04,2025-07-27,2025-08-18,2025-10-07,,,,,BUILDPRO_EXPORT,In Progress
home_004005, Auburn Meadows,Calgary,City of Calgary,Cedar,TH-103,Townhome,,3,0,1510,2,1,None,Corner,2700.0,True,6200,manager_17,,2025-09-05,2025-11-07,2025-12-26,,,,,BUILDPRO_EXPORT,In Progress
home_000524,Windermere,Edmonton,City of Edmonton,Birch,TH-102,Townhome,3.0,2,1,1300,2,1,None,Corner,2100.0,False,15500,manager_18,2025-05-23,2025-07-23,2025-08-12,2025-09-30,,,,,BUILDPRO_EXPORT,In Progress
home_003393,LEGACY GATE,Calgary,Rocky View County,Oakmont,SF-302,Single Family,3.0,3,0,2160,1,3,Finished,Flat,5100.0,False,16100,manager_17,,2025-09-10,2025-09-26,2025-11-12,,,,,BUILDPRO_EXPORT,In Progress
home_004913,Glenridding,Edmonton,City of Edmonton,Elm,DX-201,Duplex,3.0,2,1,1680,2,2,None,Corner,3550.0,True,4600,manager_17,,2025-06-30,2025-08-06,2025-09-22,,,,,BUILDPRO_EXPORT,In Progress
home_002920,Laurel Green,Edmonton,City of Edmonton,Dogwood,TH-104,Townhome,2.0,2,1,1360,2,1,Unfinished,Corner,2500.0,True,9500,manager_16,,2025-05-16,2025-08-30,2025-09-05,,,,,BUILDPRO_EXPORT,In Progress
home_003928,Barefoot Lakes,Denver,Adams County,Birch,TH-102,Townhome,3.0,2,1,1350,2,1,Unfinished,Flat,2750.0,False,97600,manager_10,2025-06-13,2025-08-22,2025-09-28,2025-10-09,,,,,BUILDPRO_EXPORT,In Progress
home_000476,Auburn Meadows,Calgary,City of Calgary,Maple,SF-308,Single Family,5.0,4,1,3070,2,3,Finished,Flat,6000.0,False,26500,manager_06,2025-10-31,2025-11-09,2025-11-26,2025-12-02,,,,,BUILDPRO_EXPORT,In Progress
home_003433,Auburn Meadows,Calgary,City of Calgary,Aspen,TH-101,Townhome,2.0,2,0,1240,2,1,None,Flat,2550.0,False,24600,manager_03,2025-08-12,2025-07-25,2025-09-22,2025-10-15,,,,,BUILDPRO_EXPORT,In Progress
home_004471,Auburn Meadows,Calgary,City of Calgary,Birch,TH-102,Townhome,3.0,2,1,1260,2,1,Unfinished,Flat,2750.0,False,24600,manager_02,2025-08-16,2025-10-02,2025-11-09,2025-11-18,,,,,BUILDPRO_EXPORT,In Progress
home_004089,Wildgrass,Denver,Douglas County,Nyssa,SF-309,Single Family,5.0,5,0,3240,2,3,Unfinished,Flat,6150.0,True,12200,manager_06,,2025-10-06,2025-10-31,2025-11-13,,,,,BUILDPRO_EXPORT,In Progress
home_002802,Green Valley,Denver,City of Denver,Ginkgo,DX-203,Duplex,4.0,3,0,1710,2,2,Unfinished,Flat,4350.0,False,31400,manager_02,2025-03-25,2025-07-02,2025-07-31,2025-09-04,,,,,BUILDPRO_EXPORT,In Progress
home_003774,Barefoot Lakes,Denver,Adams County,Larch,SF-307,Single Family,5.0,4,0,2950,2,3,Finished,Flat,6950.0,False,32400,manager_03,2025-04-17,2025-06-14,2025-08-01,2025-09-04,,,,,BUILDPRO_EXPORT,In Progress
home_003065,Mahogany Point,Calgary,Rocky View County,Birch,TH-102,Townhome,3.0,2,1,1250,2,1,None,Flat,2800.0,False,18500,manager_10,2025-08-06,2025-08-24,2025-09-23,2025-11-18,,,,,BUILDPRO_EXPORT,In Progress
home_000855,Keswick Landing,Edmonton,Leduc County,Maple,SF-308,Single Family,5.0,4,1,3200,2,3,None,Corner,3700.0,True,6700,manager_12,,2025-08-04,2025-08-18,2025-09-28,,,,,BUILDPRO_EXPORT,In Progress
home_002049,Windermere,Edmonton,City of Edmonton,Oakmont,SF-302,Single Family,3.0,3,0,2250,1,Triple,Finished,Flat,5200.0,False,34700,manager_01,,2025-07-08,2025-08-13,2025-09-10,,,,,BUILDPRO_EXPORT,In Progress
home_003794,Green Valley,Denver,City of Denver,Dogwood,TH-104,Townhome,2.0,2,1,1220,2,1,Unfinished,Flat,2550.0,False,21900,manager_02,2025-05-24,2025-05-20,2025-09-05,2025-09-12,,,,,BUILDPRO_EXPORT,In Progress
home_002018,Barefoot Lakes,Denver,Adams County,Ginkgo,DX-203,Duplex,4.0,3,0,1700,2,2,Finished,Flat,2850.0,False,49500,manager_10,2025-04-02,2025-07-21,2025-08-12,2025-09-13,,,,,BUILDPRO_EXPORT,In Progress
home_001310,Aurora Highlands,Denver,Adams County,Fir,DX-202,Duplex,3.0,3,0,1620,2,2,None,Corner,2600.0,False,13100,manager_16,2025-05-18,2025-09-06,2025-09-27,2025-10-18,,,,,BUILDPRO_EXPORT,In Progress
home_001938,Keswick Landing,Edmonton,Leduc County,Dogwood,TH-104,Townhome,2.0,2,1,1200,2,1,None,Flat,2900.0,False,10300,manager_17,2025-07-29,2025-05-23,2025-08-29,2025-10-01,,,,,BUILDPRO_EXPORT,In Progress
home_004420,Sterling Ranch,Denver,Douglas County,Cedar,TH-103,Townhome,3.0,3,0,1430,2,1,None,Flat,2350.0,False,28100,manager_03,,2025-06-09,2025-10-01,2025-11-05,,,,,BUILDPRO_EXPORT,In Progress
home_000301,Windermere,Edmonton,City of Edmonton,Ironwood,SF-303,Single Family,4.0,3,0,2250,2,2,Finished,Corner,5550.0,True,9100,manager_09,,2025-09-09,2025-09-20,2025-09-25,,,,,BUILDPRO_EXPORT,In Progress
home_001245,Wildgrass,Denver,Douglas County,Elm,DX-201,Duplex,3.0,2,1,1610,2,2,Unfinished,Flat,4100.0,False,31700,manager_12,2025-08-11,2025-09-27,2025-11-23,2025-12-27,,,,,BUILDPRO_EXPORT,In Progress
home_005058,Riverbend ,Calgary,City of Calgary,Maple,SF-308,Single Family,5.0,4,1,2940,2,3,Unfinished,Walkout,5500.0,False,70400,manager_12,2025-08-22,2025-10-24,2025-11-19,2025-11-28,,,,,BUILDPRO_EXPORT,In Progress
home_004547,Laurel Green,Edmonton,City of Edmonton,Fir,DX-202,Duplex,3.0,3,0,1720,2,2,None,Flat,3650.0,True,9500,manager_10,,2025-10-26,2025-12-15,2025-12-28,,,,,BUILDPRO_EXPORT,In Progress
home_004533,Sterling Ranch,Denver,Douglas County,Elm,DX-201,Duplex,3.0,2,1,1640,2,2,None,Flat,3600.0,False,69300,manager_04,2025-10-01,2025-07-16,2025-09-25,2025-11-23,,,,,BUILDPRO_EXPORT,In Progress
home_000154,Glenridding,Edmonton,City of Edmonton,Aspen,TH-101,Townhome,2.0,2,0,1260,2,1,None,Flat,2600.0,False,50900,manager_04,2025-09-17,2025-09-17,2025-10-30,2025-11-28,,,,,BUILDPRO_EXPORT,In Progress
home_003761,Sterling Ranch,Denver,Douglas County,Aspen,TH-101,Townhome,2.0,2,0,1120,2,1,None,Flat,2750.0,False,30500,manager_08,2025-05-25,2025-03-30,2025-06-15,2025-08-11,,,,,BUILDPRO_EXPORT,In Progress
home_004719,Windermere,Edmonton,City of Edmonton,Cedar,TH-103,Townhome,3.0,3,0,1380,2,1,None,Flat,1500.0,False,3400,manager_18,2025-09-06,2025-08-19,2025-09-22,2025-10-16,,,,,BUILDPRO_EXPORT,In Progress
home_000776,Green Valley,Denver,City of Denver,Birch,TH-102,Townhome,3.0,2,1,1370,2,1,None,Flat,2450.0,False,18700,manager_02,2025-07-20,2025-09-29,2025-12-05,2025-12-18,,,,,BUILDPRO_EXPORT,In Progress
home_002932,Keswick Landing,Edmonton,Leduc County,Nyssa,SF-309,Single Family,5.0,5,0,3310,2,3,None,Flat,6200.0,False,54900,manager_16,2025-03-19,2025-05-20,2025-07-12,2025-08-07,,,,,BUILDPRO_EXPORT,In Progress
home_000313,Mahogany Point,Calgary,Rocky View County,Ginkgo,DX-203,Duplex,4.0,3,0,1630,2,2,Unfinished,Corner,3300.0,False,39100,manager_17,,2025-05-20,2025-07-12,2025-09-02,,,,,BUILDPRO_EXPORT,In Progress
home_002478,Aurora Highlands,Denver,Adams County,Poplar,SF-306,Single Family,4.0,4,0,2850,2,2,Unfinished,Walkout,4900.0,True,8900,manager_07,,2025-06-13,2025-07-09,2025-08-01,,,,,BUILDPRO_EXPORT,In Progress
home_002768,Auburn Meadows,Calgary,City of Calgary,Aspen,TH-101,Townhome,2.0,2,0,1190,2,1,None,Flat,2400.0,False,25900,manager_17,,2025-09-26,2025-10-24,2025-11-19,,,,,BUILDPRO_EXPORT,In Progress
home_003696,Keswick Landing,Edmonton,Leduc County,Oakmont,SF-302,Single Family,3.0,3,0,2190,1,3,Unfinished,Corner,5650.0,False,17000,manager_03,2025-06-02,2025-08-07,2025-09-02,2025-10-14,,,,,BUILDPRO_EXPORT,In Progress
home_004268, Windermere,Edmonton,City of Edmonton,Birch,TH-102,Townhome,3.0,2,1,1320,2,1,None,Flat,1850.0,False,65200,manager_07,2025-07-07,2025-07-23,2025-09-04,2025-10-19,,,,,BUILDPRO_EXPORT,In Progress
home_001144,Auburn Meadows,Calgary,City of Calgary,Nyssa,SF-309,Single Family,5.0,5,0,3320,2,3,Unfinished,Flat,3950.0,False,35900,manager_04,2025-09-04,2025-08-30,2025-11-07,2025-11-16,,,,,BUILDPRO_EXPORT,In Progress
home_000899,Keswick Landing,Edmonton,Leduc County,Ironwood,SF-303,Single Family,4.0,3,0,2160,2,2,Unfinished,Flat,6350.0,False,66000,manager_05,2025-09-05,2025-10-26,2025-11-04,2025-12-02,,,,,BUILDPRO_EXPORT,In Progress
home_003140,Barefoot Lakes,Denver,Adams County,Cedar,TH-103,Townhome,3.0,3,0,1380,2,1,None,Flat,2450.0,True,5900,manager_02,,2025-04-25,2025-06-21,2025-08-02,,,,,BUILDPRO_EXPORT,In Progress
home_005166,Keswick Landing,Edmonton,Leduc County,Hawthorn,SF-301,Single Family,3.0,2,0,1820,1,2,Finished,Corner,6450.0,False,28200,manager_16,2025-07-13,2025-08-12,2025-11-05,2025-12-23,,,,,BUILDPRO_EXPORT,In Progress
home_002597,Barefoot Lakes,Denver,Adams County,Aspen,TH-101,Townhome,2.0,2,0,1120,2,1,Unfinished,Corner,2150.0,False,81900,manager_15,2025-06-14,2025-06-05,2025-07-11,2025-08-16,,,,,BUILDPRO_EXPORT,In Progress
home_002968,Barefoot Lakes,Denver,Adams County,Fir,DX-202,Duplex,3.0,3,0,1640,2,2,None,Flat,4600.0,False,26600,manager_14,2025-11-22,2025-11-01,2025-12-16,2025-12-28,,,,,BUILDPRO_EXPORT,In Progress
home_003137,Barefoot Lakes,Denver,Adams County,Dogwood,TH-104,Townhome,2.0,2,1,1180,2,1,None,Flat,3050.0,False,29100,manager_17,2025-08-05,2025-08-16,2025-10-09,2025-11-18,,,,,BUILDPRO_EXPORT,In Progress
home_000416,Auburn Meadows,Calgary,City of Calgary,Larch,SF-307,Single Family,5.0,4,0,2890,2,3,Unfinished,Flat,6350.0,True,6500,manager_09,,2025-05-12,2025-07-03,2025-08-03,,,,,BUILDPRO_EXPORT,In Progress
home_004570,Aurora Highlands,Denver,Adams County,Hawthorn,SF-301,Single Family,3.0,2,0,1760,1,2,Finished,Corner,3850.0,False,13400,manager_16,2025-08-22,2025-09-20,2025-10-09,2025-11-02,,,,,BUILDPRO_EXPORT,In Progress
home_003577,Barefoot Lakes,Denver,Adams County,Birch,TH-102,Townhome,3.0,2,1,1390,2,1,Unfinished,Flat,2100.0,False,24200,manager_13,2025-03-21,2025-06-27,2025-07-14,2025-08-21,,,,,BUILDPRO_EXPORT,In Progress
home_000878,Cranston Ridge,Calgary,City of Calgary,Aspen,TH-101,Townhome,2.0,2,0,1190,2,1,None,Flat,2300.0,False,50300,manager_05,2025-05-31,2025-07-31,2025-08-23,2025-09-22,,,,,BUILDPRO_EXPORT,In Progress
home_003565,Laurel Green,Edmonton,City of Edmonton,Birch,TH-102,Townhome,3.0,2,1,1330,2,1,None,Flat,2550.0,False,55900,manager_09,2025-10-20,2025-11-13,2025-12-06,2025-12-11,,,,,BUILDPRO_EXPORT,In Progress
home_001988,Cranston Ridge,Calgary,City of Calgary,Oakmont,SF-302,Single Family,3.0,3,0,2360,1,3,Finished,Flat,7500.0,False,3900,manager_15,2025-08-25,2025-07-31,2025-09-18,2025-09-27,,,,,BUILDPRO_EXPORT,In Progress
home_005039,Mahogany Point,Calgary,Rocky View County,Cedar,TH-103,Townhome,3.0,3,0,1460,2,1,None,Flat,2050.0,True,8000,manager_09,,2025-03-17,2025-07-08,2025-08-24,,,,,BUILDPRO_EXPORT,In Progress
home_004873,Cranston Ridge,Calgary,City of Calgary,Ginkgo,DX-203,Duplex,4.0,3,0,1700,2,2,None,Flat,3150.0,False,17600,manager_03,2025-10-13,2025-08-24,2025-09-17,2025-11-15,,,,,BUILDPRO_EXPORT,In Progress
home_003414,Mahogany Point,Calgary,Rocky View County,Birch,TH-102,Townhome,3.0,2,1,1230,2,Single,None,Flat,2150.0,False,45000,manager_17,2025-06-04,2025-04-19,2025-06-14,2025-08-09,,,,,BUILDPRO_EXPORT,In Progress
home_000335,Keswick Landing,Edmonton,Leduc County,Oakmont,SF-302,Single Family,3.0,3,0,2260,1,3,Finished,Walkout,6500.0,False,68200,manager_15,2025-09-04,2025-09-13,2025-10-22,2025-10-30,,,,,BUILDPRO_EXPORT,In Progress
home_000319,Wildgrass,Denver,Douglas County,Cedar,TH-103,Townhome,3.0,3,0,1430,2,1,None,Flat,2450.0,False,9200,manager_08,2025-07-13,2025-06-20,2025-09-27,2025-10-29,,,,,BUILDPRO_EXPORT,In Progress
home_002455,Auburn Meadows,Calgary,City of Calgary,Nyssa,SF-309,Single Family,5.0,5,0,3610,2,3,Unfinished,Walkout,5450.0,False,14300,manager_14,2025-07-10,2025-10-24,2025-11-09,2025-11-22,,,,,BUILDPRO_EXPORT,In Progress
home_001743,Riverbend,Calgary,City of Calgary,Nyssa,SF-309,Single Family,5.0,5,0,3600,2,3,Unfinished,Flat,5050.0,True,3600,manager_11,,2025-10-15,2025-10-29,2025-11-25,,,,,BUILDPRO_EXPORT,In Progress
home_000765,Cranston Ridge,Calgary,City of Calgary,Cedar,TH-103,Townhome,3.0,3,0,1420,2,1,Unfinished,Flat,2450.0,False,19200,manager_18,2025-05-09,2025-08-06,2025-09-20,2025-10-03,,,,,BUILDPRO_EXPORT,In Progress
home_002940,RIVERBEND,Calgary,City of Calgary,Birch,TH-102,Townhome,3.0,2,1,1380,2,1,None,Flat,2300.0,False,26700,manager_17,,2025-06-04,2025-07-31,2025-09-01,,,,,BUILDPRO_EXPORT,In Progress
home_004496,Mahogany Point,Calgary,Rocky View County,Maple,SF-308,Single Family,5.0,4,1,3050,2,3,Finished,Corner,4400.0,False,57800,manager_11,,2025-08-29,2025-10-05,2025-10-13,,,,,BUILDPRO_EXPORT,In Progress
home_003768, Green Valley,Denver,City of Denver,Dogwood,TH-104,Townhome,2.0,2,1,1260,2,1,None,Flat,2600.0,False,47000,manager_05,2025-04-19,2025-06-09,2025-07-30,2025-09-12,,,,,BUILDPRO_EXPORT,In Progress
home_002804,Auburn Meadows,Calgary,City of Calgary,Fir,DX-202,Duplex,3.0,3,0,1730,2,2,None,Flat,3200.0,False,63700,manager_06,2025-04-28,2025-05-14,2025-06-19,2025-08-06,,,,,BUILDPRO_EXPORT,In Progress
home_004285,Legacy Gate,Calgary,Rocky View County,Katsura,SF-305,Single Family,4.0,4,0,2640,2,3,Unfinished,Flat,5350.0,True,32000,manager_06,,2025-06-03,2025-08-21,2025-09-18,,,,,BUILDPRO_EXPORT,In Progress
home_001822,Riverbend,Calgary,City of Calgary,Dogwood,TH-104,Townhome,2.0,2,1,1220,2,1,None,Flat,2300.0,False,37100,manager_09,2025-08-08,2025-08-13,2025-10-09,2025-11-01,,,,,BUILDPRO_EXPORT,In Progress
home_003097,GREEN VALLEY,Denver,City of Denver,Oakmont,SF-302,Single Family,3.0,3,0,2140,1,3,Finished,Flat,6450.0,False,53600,manager_18,2025-04-14,2025-05-13,2025-07-30,2025-09-02,,,,,BUILDPRO_EXPORT,In Progress
home_001661,Auburn Meadows,Calgary,City of Calgary,Aspen,TH-101,Townhome,2.0,2,0,1170,2,1,None,Flat,2750.0,False,42500,manager_07,2025-06-10,2025-07-12,2025-08-07,2025-09-16,,,,,BUILDPRO_EXPORT,In Progress
home_003427,Laurel Green,Edmonton,City of Edmonton,Aspen,TH-101,Townhome,2.0,2,0,1160,2,1,None,Flat,1800.0,False,25800,manager_01,2025-10-13,2025-10-04,2025-10-29,2025-12-02,,,,,BUILDPRO_EXPORT,In Progress
home_003112,Sterling Ranch,Denver,Douglas County,Juniper,SF-304,Single Family,4.0,3,1,2300,2,Double,Unfinished,Corner,5900.0,False,18600,manager_10,2025-06-26,2025-06-29,2025-08-27,2025-09-28,,,,,BUILDPRO_EXPORT,In Progress
home_002679,Glenridding,Edmonton,City of Edmonton,Cedar,TH-103,Townhome,3.0,3,0,1380,2,1,None,Corner,3000.0,False,69400,manager_04,2025-05-01,2025-05-05,2025-07-19,2025-08-16,,,,,BUILDPRO_EXPORT,In Progress
home_000251,Barefoot Lakes,Denver,Adams County,Aspen,TH-101,Townhome,2.0,2,0,1250,2,1,None,Flat,1750.0,False,26900,manager_05,2025-10-16,2025-09-20,2025-10-09,2025-11-29,,,,,BUILDPRO_EXPORT,In Progress
home_001064,Keswick Landing,Edmonton,Leduc County,Dogwood,TH-104,Townhome,2.0,2,1,1200,2,1,None,Flat,2200.0,True,7900,manager_03,,2025-07-11,2025-08-12,2025-08-26,,,,,BUILDPRO_EXPORT,In Progress
home_001838,Legacy Gate,Calgary,Rocky View County,Dogwood,TH-104,Townhome,2.0,2,1,1290,2,1,Unfinished,Flat,2150.0,False,51000,manager_17,2025-07-06,2025-04-12,2025-08-03,2025-09-16,,,,,BUILDPRO_EXPORT,In Progress
home_001877,Green Valley,Denver,City of Denver,Hawthorn,SF-301,Single Family,3.0,2,0,1890,1,2,Finished,Corner,4750.0,False,26600,manager_18,2025-06-06,2025-07-10,2025-08-11,2025-08-29,,,,,BUILDPRO_EXPORT,In Progress
home_000737,Wildgrass,Denver,Douglas County,Larch,SF-307,Single Family,,4,0,2840,2,3,Finished,Corner,7250.0,False,25800,manager_05,2025-11-02,2025-09-07,2025-11-24,2025-12-02,,,,,BUILDPRO_EXPORT,In Progress
home_004458,Windermere,Edmonton,City of Edmonton,Elm,DX-201,Duplex,,2,1,1510,2,2,Unfinished,Flat,3450.0,False,57200,manager_09,,2025-05-30,2025-08-20,2025-09-17,,,,,BUILDPRO_EXPORT,In Progress
home_001949,Keswick Landing,Edmonton,Leduc County,Birch,TH-102,Townhome,3.0,2,1,1350,2,1,None,Flat,2600.0,True,10700,manager_03,,2025-05-23,2025-09-07,2025-10-09,,,,,BUILDPRO_EXPORT,In Progress
home_002521,Wildgrass,Denver,Douglas County,Juniper,SF-304,Single Family,4.0,3,1,2460,2,2,Unfinished,Flat,6150.0,False,19900,manager_12,,2025-06-29,2025-07-29,2025-08-12,,,,,BUILDPRO_EXPORT,In Progress
home_003130,Cranston Ridge,Calgary,City of Calgary,Fir,DX-202,Duplex,3.0,3,0,1660,2,2,None,Flat,4650.0,False,33400,manager_03,2025-08-01,2025-08-22,2025-10-11,2025-10-26,,,,,BUILDPRO_EXPORT,In Progress
home_004336,Glenridding,Edmonton,City of Edmonton,Juniper,SF-304,Single Family,,3,1,2290,2,2,Unfinished,Walkout,3450.0,False,16800,manager_08,2025-06-10,2025-09-12,2025-10-02,2025-11-12,,,,,BUILDPRO_EXPORT,In Progress
home_003116,Barefoot Lakes,Denver,Adams County,Cedar,TH-103,Townhome,3.0,3,0,1400,2,1,None,Flat,2900.0,False,38800,manager_18,2025-09-16,2025-08-08,2025-09-24,2025-11-10,,,,,BUILDPRO_EXPORT,In Progress
home_000354,Wildgrass,Denver,Douglas County,Aspen,TH-101,Townhome,2.0,2,0,1230,2,1,Unfinished,Flat,1950.0,False,37700,manager_09,2025-08-19,2025-07-16,2025-09-10,2025-09-18,,,,,BUILDPRO_EXPORT,In Progress
home_002769,Legacy Gate,Calgary,Rocky View County,Cedar,TH-103,Townhome,3.0,3,0,1300,2,1,None,Flat,3350.0,True,1400,manager_16,,2025-06-12,2025-07-05,2025-08-23,,,,,BUILDPRO_EXPORT,In Progress
home_004027,Legacy Gate,Calgary,Rocky View County,Birch,TH-102,Townhome,3.0,2,1,1230,2,1,None,Flat,1950.0,False,31500,manager_07,2025-05-29,2025-08-02,2025-09-25,2025-10-19,,,,,BUILDPRO_EXPORT,In Progress
home_004451,Barefoot Lakes,Denver,Adams County,Juniper,SF-304,Single Family,4.0,3,1,2430,2,2,Unfinished,Flat,,False,42500,manager_11,2025-04-19,2025-07-03,2025-07-22,2025-08-10,,,,,BUILDPRO_EXPORT,In Progress
home_003128,Laurel Green,Edmonton,City of Edmonton,Cedar,TH-103,Townhome,3.0,3,0,1420,2,1,None,Flat,2350.0,False,19500,manager_04,2025-08-20,2025-10-10,2025-10-28,2025-11-28,,,,,BUILDPRO_EXPORT,In Progress
home_000616,Aurora Highlands,Denver,Adams County,Katsura,SF-305,Single Family,,4,0,2630,2,3,Unfinished,Corner,6300.0,False,19900,manager_13,2025-08-31,2025-05-22,2025-08-25,2025-10-05,,,,,BUILDPRO_EXPORT,In Progress
home_002729,Aurora Highlands,Denver,Adams County,Ginkgo,DX-203,Duplex,4.0,3,0,1690,2,2,Unfinished,Flat,2800.0,False,35900,manager_13,,2025-09-18,2025-10-06,2025-11-06,,,,,BUILDPRO_EXPORT,In Progress
home_000151,Barefoot Lakes,Denver,Adams County,Maple,SF-308,Single Family,5.0,4,1,3090,2,3,Finished,Corner,6750.0,False,22100,manager_09,2025-07-17,2025-07-06,2025-07-30,2025-09-13,,,,,BUILDPRO_EXPORT,In Progress
home_001145,Legacy Gate,Calgary,Rocky View County,Aspen,TH-101,Townhome,2.0,2,0,1210,2,1,None,Flat,2050.0,False,38000,manager_02,2025-04-27,2025-05-28,2025-07-11,2025-08-18,,,,,BUILDPRO_EXPORT,In Progress
home_000161,Windermere,Edmonton,City of Edmonton,Birch,TH-102,Townhome,3.0,2,1,1370,2,1,None,Flat,2950.0,False,20200,manager_13,,2025-08-18,2025-09-16,2025-10-21,,,,,BUILDPRO_EXPORT,In Progress
home_000222,Mahogany Point,Calgary,Rocky View County,Elm,DX-201,Duplex,3.0,2,1,1520,2,2,Unfinished,Walkout,3550.0,False,73300,manager_13,2025-08-10,2025-08-08,2025-11-09,2025-12-31,,,,,BUILDPRO_EXPORT,In Progress
home_002655,Green Valley,Denver,City of Denver,Dogwood,TH-104,Townhome,2.0,2,1,1290,2,1,Unfinished,Flat,2100.0,False,25700,manager_18,2025-07-29,2025-08-24,2025-09-13,2025-09-25,,,,,BUILDPRO_EXPORT,In Progress
home_001562,Auburn Meadows ,Calgary,City of Calgary,Cedar,TH-103,Townhome,3.0,3,0,1430,2,Single,None,Corner,2300.0,False,29300,manager_08,2025-09-16,2025-08-27,2025-09-24,2025-11-13,,,,,BUILDPRO_EXPORT,In Progress
home_000914,Keswick Landing,Edmonton,Leduc County,Elm,DX-201,Duplex,3.0,2,1,1450,2,2,Unfinished,Flat,4600.0,False,15300,manager_03,2025-08-22,2025-08-26,2025-09-27,2025-10-30,,,,,BUILDPRO_EXPORT,In Progress
home_003906,Laurel Green,Edmonton,City of Edmonton,Aspen,TH-101,Townhome,2.0,2,0,1140,2,1,None,Flat,2750.0,False,24600,manager_08,2025-07-11,2025-05-26,2025-07-18,2025-08-16,,,,,BUILDPRO_EXPORT,In Progress
home_004307,mahogany point,Calgary,Rocky View County,Juniper,SF-304,Single Family,4.0,3,1,2370,2,2,Unfinished,Walkout,4750.0,False,13200,manager_15,2025-09-09,2025-10-11,2025-10-29,2025-12-06,,,,,BUILDPRO_EXPORT,In Progress
home_005174, Windermere,Edmonton,City of Edmonton,Ironwood,SF-303,Single Family,,3,0,2110,2,2,Finished,Flat,4550.0,True,3300,manager_09,,2025-04-24,2025-06-21,2025-08-17,,,,,BUILDPRO_EXPORT,In Progress
home_002855,Auburn Meadows,Calgary,City of Calgary,Hawthorn,SF-301,Single Family,3.0,2,0,1750,1,2,Finished,Flat,4600.0,False,20200,manager_09,2025-07-29,2025-09-04,2025-10-14,2025-12-13,,,,,BUILDPRO_EXPORT,In Progress
home_000277,Glenridding,Edmonton,City of Edmonton,Larch,SF-307,Single Family,5.0,4,0,2790,2,Triple,Unfinished,Flat,4400.0,False,20100,manager_01,2025-06-23,2025-07-18,2025-08-08,2025-09-02,,,,,BUILDPRO_EXPORT,In Progress
home_003207,RIVERBEND,Calgary,City of Calgary,Elm,DX-201,Duplex,3.0,2,1,1530,2,2,None,Flat,2950.0,False,33400,manager_14,2025-05-24,2025-07-11,2025-09-10,2025-09-22,,,,,BUILDPRO_EXPORT,In Progress
home_004684,Cranston Ridge,Calgary,City of Calgary,Ginkgo,DX-203,Duplex,4.0,3,0,1660,2,2,Finished,Walkout,2800.0,False,23400,manager_11,,2025-07-05,2025-08-18,2025-08-25,,,,,BUILDPRO_EXPORT,In Progress
home_003814,Cranston Ridge,Calgary,City of Calgary,Birch,TH-102,Townhome,3.0,2,1,1330,2,1,None,Flat,2200.0,True,12500,manager_16,,2025-08-03,2025-09-30,2025-10-27,,,,,BUILDPRO_EXPORT,In Progress
home_002858,Barefoot Lakes,Denver,Adams County,Maple,SF-308,Single Family,5.0,4,1,3130,2,3,Finished,Walkout,5500.0,False,46700,manager_06,2025-07-05,2025-09-19,2025-10-07,2025-12-02,,,,,BUILDPRO_EXPORT,In Progress
home_004410,Windermere,Edmonton,City of Edmonton,Poplar,SF-306,Single Family,4.0,4,0,2860,2,2,Finished,Corner,4450.0,False,23300,manager_09,2025-07-08,2025-08-18,2025-10-17,2025-10-26,,,,,BUILDPRO_EXPORT,In Progress
home_002446,Mahogany Point,Calgary,Rocky View County,Dogwood,TH-104,Townhome,2.0,2,1,1230,2,1,None,Flat,2800.0,True,10300,manager_07,,2025-07-23,2025-10-06,2025-10-15,,,,,BUILDPRO_EXPORT,In Progress
home_004597,Windermere,Edmonton,City of Edmonton,Aspen,TH-101,Townhome,2.0,2,0,1080,2,1,None,Flat,2700.0,False,33700,manager_01,2025-08-02,2025-11-09,2025-12-02,2025-12-20,,,,,BUILDPRO_EXPORT,In Progress
home_002541,Windermere,Edmonton,City of Edmonton,Poplar,SF-306,Single Family,4.0,4,0,2530,2,2,Unfinished,Corner,6450.0,False,17700,manager_07,2025-05-07,2025-08-03,2025-08-12,2025-10-02,,,,,BUILDPRO_EXPORT,In Progress
home_003105,Wildgrass,Denver,Douglas County,Cedar,TH-103,Townhome,3.0,3,0,1390,2,1,Unfinished,Flat,1900.0,False,59000,manager_13,2025-10-29,2025-09-11,2025-10-06,2025-11-23,,,,,BUILDPRO_EXPORT,In Progress
home_002420,Green Valley,Denver,City of Denver,Ironwood,SF-303,Single Family,4.0,3,0,2110,2,2,Finished,Flat,5400.0,False,30000,manager_17,2025-06-01,2025-06-21,2025-08-08,2025-10-03,,,,,BUILDPRO_EXPORT,In Progress
home_002774,Wildgrass,Denver,Douglas County,Poplar,SF-306,Single Family,4.0,4,0,2640,2,2,Unfinished,Walkout,4100.0,False,46600,manager_15,2025-08-07,2025-05-23,2025-08-21,2025-10-13,,,,,BUILDPRO_EXPORT,In Progress
home_000550,AUBURN MEADOWS,Calgary,City of Calgary,Juniper,SF-304,Single Family,4.0,3,1,2320,2,2,Finished,Flat,4950.0,False,61800,manager_12,2025-06-12,2025-06-11,2025-08-01,2025-09-07,,,,,BUILDPRO_EXPORT,In Progress
home_001875,Windermere,Edmonton,City of Edmonton,Aspen,TH-101,Townhome,2.0,2,0,1200,2,1,None,Flat,2750.0,False,38600,manager_04,2025-09-01,2025-09-17,2025-11-02,2025-12-09,,,,,BUILDPRO_EXPORT,In Progress
home_002367,Laurel Green,Edmonton,City of Edmonton,Oakmont,SF-302,Single Family,3.0,3,0,2310,1,3,Finished,Walkout,6850.0,False,34000,manager_15,2025-07-23,2025-10-02,2025-10-09,2025-11-21,,,,,BUILDPRO_EXPORT,In Progress
home_000658,Keswick Landing,Edmonton,Leduc County,Birch,TH-102,Townhome,3.0,2,1,1300,2,1,None,Corner,2650.0,False,28000,manager_06,2025-09-02,2025-08-27,2025-09-23,2025-09-28,,,,,BUILDPRO_EXPORT,In Progress
home_001550,Cranston Ridge,Calgary,City of Calgary,Ginkgo,DX-203,Duplex,4.0,3,0,1740,2,Double,None,Flat,3850.0,False,20800,manager_17,2025-04-12,2025-05-06,2025-08-05,2025-08-29,,,,,BUILDPRO_EXPORT,In Progress
home_001070,Windermere,Edmonton,City of Edmonton,Katsura,SF-305,Single Family,4.0,4,0,2580,2,3,Finished,Corner,5600.0,False,27200,manager_14,2025-07-15,2025-10-19,2025-11-28,2025-12-07,,,,,BUILDPRO_EXPORT,In Progress
home_001710,Auburn Meadows,Calgary,City of Calgary,Aspen,TH-101,Townhome,2.0,2,0,1190,2,1,None,Flat,,True,9000,manager_08,,2025-10-11,2025-11-14,2025-12-18,,,,,BUILDPRO_EXPORT,In Progress
home_000931,Cranston Ridge,Calgary,City of Calgary,Juniper,SF-304,Single Family,4.0,3,1,2270,2,2,Unfinished,Corner,7000.0,False,14500,manager_04,2025-08-10,2025-10-30,2025-11-21,2025-12-20,,,,,BUILDPRO_EXPORT,In Progress
home_003966,Green Valley,Denver,City of Denver,Ginkgo,DX-203,Duplex,4.0,3,0,1790,2,2,Unfinished,Flat,4100.0,False,32600,manager_12,2025-06-30,2025-07-07,2025-08-23,2025-09-19,,,,,BUILDPRO_EXPORT,In Progress
home_002810,Glenridding,Edmonton,City of Edmonton,Aspen,TH-101,Townhome,2.0,2,0,1290,2,1,None,Flat,2350.0,True,8500,manager_05,,2025-11-25,2025-12-23,2025-12-28,,,,,BUILDPRO_EXPORT,In Progress
home_000871,GLENRIDDING,Edmonton,City of Edmonton,Birch,TH-102,Townhome,3.0,2,1,1250,2,1,None,Flat,2200.0,False,31400,manager_17,2025-09-18,2025-09-27,2025-11-13,2025-12-18,,,,,BUILDPRO_EXPORT,In Progress
home_004941,Wildgrass,Denver,Douglas County,Birch,TH-102,Townhome,3.0,2,1,1400,2,1,None,Flat,1500.0,False,49700,manager_18,2025-06-26,2025-05-24,2025-07-24,2025-08-30,,,,,BUILDPRO_EXPORT,In Progress
home_000482,Legacy Gate,Calgary,Rocky View County,Larch,SF-307,Single Family,5.0,4,0,2740,2,3,Finished,Flat,4750.0,False,17000,manager_07,2025-05-27,2025-07-11,2025-08-06,2025-08-24,,,,,BUILDPRO_EXPORT,In Progress
home_002034,Windermere,Edmonton,City of Edmonton,Maple,SF-308,Single Family,5.0,4,1,3220,2,3,Finished,Walkout,7000.0,True,11000,manager_11,,2025-08-14,2025-10-05,2025-10-20,,,,,BUILDPRO_EXPORT,In Progress
home_001218,Barefoot Lakes,Denver,Adams County,Aspen,TH-101,Townhome,2.0,2,0,1110,2,1,Unfinished,Flat,2400.0,True,1200,manager_12,,2025-08-01,2025-09-12,2025-11-03,,,,,BUILDPRO_EXPORT,In Progress
home_002701,Glenridding,Edmonton,City of Edmonton,Nyssa,SF-309,Single Family,5.0,5,0,3320,2,3,Unfinished,Walkout,5350.0,True,16300,manager_05,,2025-07-26,2025-09-15,2025-09-29,,,,,BUILDPRO_EXPORT,In Progress
home_004830,Sterling Ranch,Denver,Douglas County,Fir,DX-202,Duplex,3.0,3,0,1780,2,2,Unfinished,Flat,4000.0,True,10100,manager_17,,2025-08-22,2025-10-23,2025-11-05,,,,,BUILDPRO_EXPORT,In Progress
home_003329,Mahogany Point,Calgary,Rocky View County,Juniper,SF-304,Single Family,,3,1,2300,2,2,Finished,Flat,7150.0,False,41500,manager_12,2025-06-27,2025-03-29,2025-08-08,2025-10-07,,,,,BUILDPRO_EXPORT,In Progress
home_002806,Glenridding,Edmonton,City of Edmonton,Ginkgo,DX-203,Duplex,4.0,3,0,1630,2,2,Finished,Corner,3250.0,False,32900,manager_07,2025-07-05,2025-10-10,2025-10-17,2025-11-26,,,,,BUILDPRO_EXPORT,In Progress
home_003045,Mahogany Point,Calgary,Rocky View County,Fir,DX-202,Duplex,3.0,3,0,1770,2,2,None,Corner,3400.0,False,28100,manager_07,2025-08-14,2025-04-19,2025-08-07,2025-10-04,,,,,BUILDPRO_EXPORT,In Progress
home_001492,Mahogany Point,Calgary,Rocky View County,Elm,DX-201,Duplex,3.0,2,1,1510,2,2,Unfinished,Flat,4000.0,False,44200,manager_10,2025-04-18,2025-07-18,2025-07-30,2025-09-18,,,,,BUILDPRO_EXPORT,In Progress
home_003888,Barefoot Lakes,Denver,Adams County,Birch,TH-102,Townhome,3.0,2,1,1390,2,1,Unfinished,Corner,3000.0,True,6100,manager_16,,2025-08-29,2025-09-05,2025-10-02,,,,,BUILDPRO_EXPORT,In Progress
home_000114,Mahogany Point,Calgary,Rocky View County,Hawthorn,SF-301,Single Family,3.0,2,0,1960,1,2,Finished,Flat,4700.0,False,15200,manager_18,,2025-08-06,2025-10-04,2025-10-29,,,,,BUILDPRO_EXPORT,In Progress
home_004938,Auburn Meadows,Calgary,City of Calgary,Nyssa,SF-309,Single Family,5.0,5,0,3370,2,3,None,Corner,5400.0,False,66400,manager_12,,2025-06-09,2025-07-21,2025-09-10,,,,,BUILDPRO_EXPORT,In Progress
home_004933,Mahogany Point,Calgary,Rocky View County,Katsura,SF-305,Single Family,4.0,4,0,2640,2,3,Unfinished,Flat,4700.0,False,41500,manager_06,2025-05-12,2025-08-02,2025-10-02,2025-10-08,,,,,BUILDPRO_EXPORT,In Progress
home_002602,Sterling Ranch,Denver,Douglas County,Ironwood,SF-303,Single Family,4.0,3,0,2080,2,2,Unfinished,Flat,5700.0,False,47300,manager_09,2025-09-06,2025-09-13,2025-10-31,2025-12-13,,,,,BUILDPRO_EXPORT,In Progress
home_005102,Legacy Gate,Calgary,Rocky View County,Dogwood,TH-104,Townhome,2.0,2,1,1260,2,1,None,Flat,2500.0,True,16400,manager_05,,2025-08-12,2025-10-21,2025-11-21,,,,,BUILDPRO_EXPORT,In Progress
home_000303,Barefoot Lakes,Denver,Adams County,Dogwood,TH-104,Townhome,2.0,2,1,1380,2,1,Unfinished,Flat,2450.0,False,31200,manager_10,2025-05-27,2025-09-08,2025-09-21,2025-09-26,,,,,BUILDPRO_EXPORT,In Progress
home_001409,Mahogany Point,Calgary,Rocky View County,Nyssa,SF-309,Single Family,5.0,5,0,3590,2,3,Finished,Flat,4950.0,False,50500,manager_09,2025-09-05,2025-07-29,2025-10-14,2025-12-01,,,,,BUILDPRO_EXPORT,In Progress
home_001666,Windermere,Edmonton,City of Edmonton,Juniper,SF-304,Single Family,4.0,3,1,2360,2,2,Unfinished,Corner,6050.0,False,37400,manager_17,2025-07-31,2025-09-20,2025-10-18,2025-10-30,,,,,BUILDPRO_EXPORT,In Progress
home_000504,Sterling Ranch,Denver,Douglas County,Aspen,TH-101,Townhome,2.0,2,0,1240,2,1,None,Flat,2550.0,False,12000,manager_17,2025-03-06,2025-04-13,2025-07-14,2025-08-06,,,,,BUILDPRO_EXPORT,In Progress
home_005196,Wildgrass,Denver,Douglas County,Aspen,TH-101,Townhome,2.0,2,0,1110,2,1,None,Flat,2150.0,False,17300,manager_08,2025-05-28,2025-06-15,2025-08-21,2025-09-16,,,,,BUILDPRO_EXPORT,In Progress
home_003457,Glenridding,Edmonton,City of Edmonton,Elm,DX-201,Duplex,3.0,2,1,1430,2,2,None,Corner,2900.0,False,72800,manager_16,2025-08-28,2025-10-14,2025-11-20,2025-12-16,,,,,BUILDPRO_EXPORT,In Progress
home_002292,Laurel Green,Edmonton,City of Edmonton,Aspen,TH-101,Townhome,2.0,2,0,1200,2,1,None,Flat,2700.0,False,26900,manager_16,,2025-09-07,2025-10-26,2025-11-02,,,,,BUILDPRO_EXPORT,In Progress
home_001744,Wildgrass,Denver,Douglas County,Aspen,TH-101,Townhome,2.0,2,0,1050,2,1,None,Flat,2400.0,True,2500,manager_02,,2025-03-04,2025-07-09,2025-08-12,,,,,BUILDPRO_EXPORT,In Progress
home_003191,Legacy Gate,Calgary,Rocky View County,Ironwood,SF-303,Single Family,4.0,3,0,2150,2,2,Finished,Corner,3700.0,False,62600,manager_12,2025-09-08,2025-09-06,2025-10-21,2025-11-27,,,,,BUILDPRO_EXPORT,In Progress
home_002083,Glenridding,Edmonton,City of Edmonton,Dogwood,TH-104,Townhome,2.0,2,1,1270,2,1,None,Flat,2150.0,False,10800,manager_15,2025-07-14,2025-08-14,2025-08-21,2025-09-25,,,,,BUILDPRO_EXPORT,In Progress
home_001750,Legacy Gate,Calgary,Rocky View County,Cedar,TH-103,Townhome,3.0,3,0,1310,2,1,None,Flat,2000.0,True,14300,manager_11,,2025-10-08,2025-11-05,2025-12-08,,,,,BUILDPRO_EXPORT,In Progress
home_004235,Cranston Ridge,Calgary,City of Calgary,Birch,TH-102,Townhome,3.0,2,1,1270,2,1,None,Corner,2350.0,False,52900,manager_13,2025-07-02,2025-05-16,2025-08-09,2025-08-21,,,,,BUILDPRO_EXPORT,In Progress
home_002963,Laurel Green,Edmonton,City of Edmonton,Cedar,TH-103,Townhome,3.0,3,0,1330,2,1,None,Flat,2350.0,False,35800,manager_05,2025-10-20,2025-09-22,2025-11-04,2025-11-25,,,,,BUILDPRO_EXPORT,In Progress
home_000987,Legacy Gate,Calgary,Rocky View County,Dogwood,TH-104,Townhome,2.0,2,1,1260,2,1,Unfinished,Flat,2200.0,True,6300,manager_02,,2025-07-04,2025-07-19,2025-08-30,,,,,BUILDPRO_EXPORT,In Progress
home_000809,Windermere,Edmonton,City of Edmonton,Birch,TH-102,Townhome,3.0,2,1,1290,2,1,None,Flat,2600.0,False,19600,manager_08,2025-06-21,2025-07-17,2025-08-19,2025-10-16,,,,,BUILDPRO_EXPORT,In Progress
home_004814,Laurel Green,Edmonton,City of Edmonton,Birch,TH-102,Townhome,3.0,2,1,1270,2,1,None,Flat,2600.0,False,8200,manager_16,2025-06-26,2025-06-08,2025-07-16,2025-08-06,,,,,BUILDPRO_EXPORT,In Progress
home_003988,Green Valley ,Denver,City of Denver,Poplar,SF-306,Single Family,4.0,4,0,2680,2,2,Finished,Flat,4900.0,False,38300,manager_11,2025-06-11,2025-05-15,2025-08-18,2025-08-27,,,,,BUILDPRO_EXPORT,In Progress
home_002492,Cranston Ridge,Calgary,City of Calgary,Elm,DX-201,Duplex,3.0,2,1,1650,2,2,Finished,Flat,4750.0,False,13300,manager_03,2025-05-14,2025-06-03,2025-07-07,2025-08-26,,,,,BUILDPRO_EXPORT,In Progress
home_003278,Windermere,Edmonton,City of Edmonton,Birch,TH-102,Townhome,3.0,2,1,1250,2,1,None,Flat,2750.0,True,8100,manager_17,,2025-06-14,2025-07-29,2025-09-25,,,,,BUILDPRO_EXPORT,In Progress
home_002305,Windermere,Edmonton,City of Edmonton,Dogwood,TH-104,Townhome,2.0,2,1,1270,2,1,Unfinished,Flat,2300.0,False,11800,manager_10,2025-08-03,2025-05-23,2025-07-02,2025-08-30,,,,,BUILDPRO_EXPORT,In Progress
home_002006, Auburn Meadows,Calgary,City of Calgary,Ginkgo,DX-203,Duplex,4.0,3,0,1650,2,2,Unfinished,Walkout,2950.0,True,10300,manager_02,,2025-07-09,2025-08-07,2025-10-02,,,,,BUILDPRO_EXPORT,In Progress
home_000750,Riverbend,Calgary,City of Calgary,Larch,SF-307,Single Family,5.0,4,0,2840,2,3,Finished,Walkout,9050.0,False,34800,manager_13,2025-09-07,2025-08-22,2025-10-19,2025-10-24,,,,,BUILDPRO_EXPORT,In Progress
home_004934,Glenridding,Edmonton,City of Edmonton,Cedar,TH-103,Townhome,3.0,3,0,1370,2,1,None,Flat,2050.0,False,24200,manager_04,2025-05-19,2025-05-07,2025-08-23,2025-10-03,,,,,BUILDPRO_EXPORT,In Progress
home_002118,Glenridding,Edmonton,City of Edmonton,Aspen,TH-101,Townhome,2.0,2,0,1130,2,1,None,Flat,2150.0,False,31400,manager_15,2025-08-08,2025-06-16,2025-07-18,2025-09-15,,,,,BUILDPRO_EXPORT,In Progress
home_004662,Glenridding,Edmonton,City of Edmonton,Hawthorn,SF-301,Single Family,3.0,2,0,1680,1,2,None,Walkout,4600.0,True,2500,manager_02,,2025-06-23,2025-07-22,2025-09-08,,,,,BUILDPRO_EXPORT,In Progress
home_002755,Mahogany Point,Calgary,Rocky View County,Katsura,SF-305,Single Family,4.0,4,0,2370,2,3,Unfinished,Flat,7150.0,True,7000,manager_05,,2025-10-08,2025-11-24,2025-12-14,,,,,BUILDPRO_EXPORT,In Progress
home_003486,Wildgrass,Denver,Douglas County,Fir,DX-202,Duplex,3.0,3,0,1700,2,2,None,Walkout,3550.0,True,6800,manager_17,,2025-10-03,2025-10-19,2025-12-17,,,,,BUILDPRO_EXPORT,In Progress
home_003225,Green Valley,Denver,City of Denver,Juniper,SF-304,Single Family,4.0,3,1,2270,2,2,Finished,Flat,6600.0,False,19800,manager_14,2025-07-07,2025-05-15,2025-07-29,2025-08-07,,,,,BUILDPRO_EXPORT,In Progress
home_001806,Wildgrass,Denver,Douglas County,Katsura,SF-305,Single Family,4.0,4,0,2660,2,3,Unfinished,Flat,6550.0,False,31900,manager_01,,2025-06-11,2025-10-19,2025-11-19,,,,,BUILDPRO_EXPORT,In Progress
home_002738,Windermere,Edmonton,City of Edmonton,Ironwood,SF-303,Single Family,4.0,3,0,2050,2,2,Finished,Corner,5050.0,False,9200,manager_17,2025-07-17,2025-09-03,2025-09-30,2025-11-22,,,,,BUILDPRO_EXPORT,In Progress
home_005152,Windermere,Edmonton,City of Edmonton,Hawthorn,SF-301,Single Family,3.0,2,0,1820,1,2,Unfinished,Flat,5400.0,False,11700,manager_18,2025-07-23,2025-08-31,2025-09-25,2025-10-28,,,,,BUILDPRO_EXPORT,In Progress
home_004937,Laurel Green,Edmonton,City of Edmonton,Cedar,TH-103,Townhome,3.0,3,0,1450,2,1,None,Flat,1850.0,True,9500,manager_02,,2025-08-01,2025-08-15,2025-10-10,,,,,BUILDPRO_EXPORT,In Progress
home_002046,Laurel Green,Edmonton,City of Edmonton,Oakmont,SF-302,Single Family,3.0,3,0,2340,1,3,Unfinished,Flat,5050.0,False,48100,manager_16,2025-08-23,2025-09-16,2025-11-05,2025-12-11,,,,,BUILDPRO_EXPORT,In Progress
home_001748, Auburn Meadows,Calgary,City of Calgary,Maple,SF-308,Single Family,5.0,4,1,3200,2,3,None,Flat,4050.0,False,45000,manager_03,2025-10-10,2025-09-29,2025-10-14,2025-12-07,,,,,BUILDPRO_EXPORT,In Progress
home_004230,Barefoot Lakes,Denver,Adams County,Hawthorn,SF-301,Single Family,3.0,2,0,1830,1,2,Unfinished,Flat,2850.0,False,23100,manager_10,2025-05-26,2025-07-22,2025-08-25,2025-10-19,,,,,BUILDPRO_EXPORT,In Progress
home_000454,Sterling Ranch,Denver,Douglas County,Dogwood,TH-104,Townhome,,2,1,1260,2,Single,None,Flat,2600.0,False,31300,manager_16,2025-09-28,2025-08-21,2025-11-08,2025-11-16,,,,,BUILDPRO_EXPORT,In Progress
home_002857, Aurora Highlands,Denver,Adams County,Ginkgo,DX-203,Duplex,4.0,3,0,1740,2,2,Unfinished,Flat,2500.0,True,10700,manager_17,,2025-08-21,2025-10-23,2025-11-22,,,,,BUILDPRO_EXPORT,In Progress
home_001910,Laurel Green,Edmonton,City of Edmonton,Nyssa,SF-309,Single Family,5.0,5,0,3450,2,Triple,Unfinished,Flat,4900.0,True,3800,manager_10,,2025-07-19,2025-09-07,2025-10-08,,,,,BUILDPRO_EXPORT,In Progress
home_001178,Sterling Ranch,Denver,Douglas County,Hawthorn,SF-301,Single Family,3.0,2,0,1910,1,2,Unfinished,Flat,,False,21900,manager_17,2025-05-17,2025-05-11,2025-07-02,2025-08-12,,,,,BUILDPRO_EXPORT,In Progress
home_002550,Laurel Green,Edmonton,City of Edmonton,Ironwood,SF-303,Single Family,4.0,3,0,2060,2,2,Finished,Flat,6250.0,False,25700,manager_04,2025-05-05,2025-07-24,2025-09-08,2025-09-21,,,,,BUILDPRO_EXPORT,In Progress
home_005138,Barefoot Lakes,Denver,Adams County,Dogwood,TH-104,Townhome,2.0,2,1,1250,2,1,None,Corner,2500.0,False,46400,manager_11,2025-05-16,2025-06-07,2025-08-02,2025-09-21,,,,,BUILDPRO_EXPORT,In Progress
home_004339,Auburn Meadows,Calgary,City of Calgary,Maple,SF-308,Single Family,5.0,4,1,2950,2,3,Unfinished,Flat,3650.0,False,37900,manager_15,2025-06-14,2025-06-15,2025-08-13,2025-09-25,,,,,BUILDPRO_EXPORT,In Progress
home_003467,Keswick Landing,Edmonton,Leduc County,Cedar,TH-103,Townhome,3.0,3,0,1310,2,1,Unfinished,Flat,2450.0,False,36200,manager_01,,2025-06-10,2025-07-31,2025-08-28,,,,,BUILDPRO_EXPORT,In Progress
home_001800,Sterling Ranch,Denver,Douglas County,Poplar,SF-306,Single Family,4.0,4,0,2840,2,2,Finished,Flat,6350.0,False,13700,manager_12,2025-11-02,2025-06-30,2025-10-31,2025-11-28,,,,,BUILDPRO_EXPORT,In Progress
home_004587,Glenridding,Edmonton,City of Edmonton,Fir,DX-202,Duplex,3.0,3,0,1720,2,2,Unfinished,Flat,4650.0,False,30900,manager_18,,2025-07-22,2025-09-20,2025-11-04,,,,,BUILDPRO_EXPORT,In Progress
home_003782,Laurel Green,Edmonton,City of Edmonton,Ginkgo,DX-203,Duplex,4.0,3,0,1760,2,2,Unfinished,Flat,2600.0,False,19500,manager_10,2025-08-05,2025-06-20,2025-07-25,2025-09-06,,,,,BUILDPRO_EXPORT,In Progress
home_003776,Cranston Ridge ,Calgary,City of Calgary,Poplar,SF-306,Single Family,4.0,4,0,2690,2,2,Unfinished,Walkout,5000.0,False,34200,manager_02,2025-09-21,2025-09-11,2025-11-10,2025-11-18,,,,,BUILDPRO_EXPORT,In Progress
home_001679,Wildgrass,Denver,Douglas County,Poplar,SF-306,Single Family,4.0,4,0,2770,2,Double,Unfinished,Walkout,5700.0,False,88600,manager_13,2025-05-10,2025-05-26,2025-07-23,2025-08-23,,,,,BUILDPRO_EXPORT,In Progress
home_004351,Laurel Green,Edmonton,City of Edmonton,Hawthorn,SF-301,Single Family,3.0,2,0,1900,1,2,Unfinished,Flat,6450.0,False,45100,manager_11,2025-06-11,2025-06-11,2025-06-20,2025-08-17,,,,,BUILDPRO_EXPORT,In Progress
home_002807,Green Valley,Denver,City of Denver,Dogwood,TH-104,Townhome,2.0,2,1,1220,2,1,None,Flat,2250.0,True,16200,manager_07,,2025-08-04,2025-09-08,2025-10-03,,,,,BUILDPRO_EXPORT,In Progress
home_002402,Wildgrass,Denver,Douglas County,Poplar,SF-306,Single Family,4.0,4,0,2670,2,2,Unfinished,Corner,4400.0,False,46600,manager_07,2025-06-16,2025-05-25,2025-08-15,2025-09-07,,,,,BUILDPRO_EXPORT,In Progress
home_004288,Barefoot Lakes,Denver,Adams County,Oakmont,SF-302,Single Family,3.0,3,0,2190,1,3,None,Flat,5950.0,False,44000,manager_11,2025-09-23,2025-08-05,2025-09-23,2025-11-09,,,,,BUILDPRO_EXPORT,In Progress
home_003480,Sterling Ranch,Denver,Douglas County,Fir,DX-202,Duplex,3.0,3,0,1710,2,2,None,Flat,3900.0,False,30900,manager_15,2025-08-14,2025-07-09,2025-09-13,2025-11-09,,,,,BUILDPRO_EXPORT,In Progress
home_004539,Barefoot Lakes,Denver,Adams County,Aspen,TH-101,Townhome,2.0,2,0,1080,2,1,Unfinished,Flat,2350.0,False,47700,manager_03,2025-09-05,2025-10-04,2025-11-09,2025-12-27,,,,,BUILDPRO_EXPORT,In Progress
home_003547,Wildgrass,Denver,Douglas County,Dogwood,TH-104,Townhome,2.0,2,1,1160,2,1,None,Flat,2450.0,True,11900,manager_18,,2025-08-17,2025-10-18,2025-12-13,,,,,BUILDPRO_EXPORT,In Progress
home_003969,CRANSTON RIDGE,Calgary,City of Calgary,Ironwood,SF-303,Single Family,4.0,3,0,2020,2,2,Unfinished,Flat,3600.0,False,21200,manager_12,2025-10-03,2025-08-13,2025-10-09,2025-11-02,,,,,BUILDPRO_EXPORT,In Progress
home_002430,Auburn Meadows,Calgary,City of Calgary,Elm,DX-201,Duplex,3.0,2,1,1570,2,2,None,Flat,3350.0,False,57800,manager_02,2025-07-09,2025-07-09,2025-07-31,2025-08-18,,,,,BUILDPRO_EXPORT,In Progress
home_003529,Sterling Ranch,Denver,Douglas County,Aspen,TH-101,Townhome,2.0,2,0,1260,2,Single,None,Flat,1550.0,True,11600,manager_02,,2025-06-14,2025-07-03,2025-08-08,,,,,BUILDPRO_EXPORT,In Progress
home_000424,Laurel Green,Edmonton,City of Edmonton,Birch,TH-102,Townhome,3.0,2,1,1310,2,Single,None,Flat,2100.0,False,26900,manager_16,2025-08-22,2025-08-09,2025-10-20,2025-11-13,,,,,BUILDPRO_EXPORT,In Progress
home_002878,Auburn Meadows,Calgary,City of Calgary,Ginkgo,DX-203,Duplex,4.0,3,0,1710,2,2,Unfinished,Flat,3100.0,True,9300,manager_05,,2025-08-15,2025-10-02,2025-11-23,,,,,BUILDPRO_EXPORT,In Progress
home_002244,Legacy Gate,Calgary,Rocky View County,Juniper,SF-304,Single Family,4.0,3,1,2350,2,2,Finished,Flat,8050.0,False,53400,manager_05,2025-11-24,2025-10-19,2025-11-19,2025-12-31,,,,,BUILDPRO_EXPORT,In Progress
home_000139,Barefoot Lakes,Denver,Adams County,Fir,DX-202,Duplex,3.0,3,0,1720,2,2,Unfinished,Flat,3250.0,False,74700,manager_01,2025-07-18,2025-06-21,2025-08-09,2025-09-07,,,,,BUILDPRO_EXPORT,In Progress
home_000113,Auburn Meadows,Calgary,City of Calgary,Ginkgo,DX-203,Duplex,4.0,3,0,1910,2,2,Unfinished,Flat,2850.0,True,9700,manager_04,,2025-11-04,2025-11-22,2025-12-09,,,,,BUILDPRO_EXPORT,In Progress
home_002310,Windermere,Edmonton,City of Edmonton,Juniper,SF-304,Single Family,,3,1,2240,2,2,Finished,Walkout,,False,11900,manager_04,2025-06-13,2025-08-18,2025-08-29,2025-10-26,,,,,BUILDPRO_EXPORT,In Progress
home_002410,Green Valley,Denver,City of Denver,Birch,TH-102,Townhome,3.0,2,1,1340,2,1,None,Flat,1700.0,False,16400,manager_16,2025-06-06,2025-08-19,2025-09-12,2025-10-31,,,,,BUILDPRO_EXPORT,In Progress
home_000867,Sterling Ranch ,Denver,Douglas County,Hawthorn,SF-301,Single Family,3.0,2,0,1790,1,2,Unfinished,Flat,5300.0,False,55400,manager_15,2025-07-29,2025-07-19,2025-09-03,2025-09-19,,,,,BUILDPRO_EXPORT,In Progress
home_005230,Riverbend,Calgary,City of Calgary,Elm,DX-201,Duplex,3.0,2,1,1540,2,2,Finished,Walkout,3800.0,False,11300,manager_05,2025-08-23,2025-08-12,2025-10-03,2025-11-05,,,,,BUILDPRO_EXPORT,In Progress
home_000785,Auburn Meadows,Calgary,City of Calgary,Dogwood,TH-104,Townhome,2.0,2,1,1260,2,1,Unfinished,Flat,2350.0,True,15700,manager_05,,2025-09-02,2025-10-27,2025-12-15,,,,,BUILDPRO_EXPORT,In Progress
home_000420,Keswick Landing,Edmonton,Leduc County,Ironwood,SF-303,Single Family,4.0,3,0,2130,2,2,Unfinished,Corner,5350.0,False,16600,manager_13,,2025-09-26,2025-11-18,2025-12-04,,,,,BUILDPRO_EXPORT,In Progress
home_001826,Cranston Ridge,Calgary,City of Calgary,Ginkgo,DX-203,Duplex,4.0,3,0,1740,2,2,Finished,Flat,3200.0,False,16100,manager_11,2025-07-12,2025-07-07,2025-08-24,2025-09-29,,,,,BUILDPRO_EXPORT,In Progress
home_005111,Riverbend,Calgary,City of Calgary,Cedar,TH-103,Townhome,3.0,3,0,1370,2,1,None,Flat,2900.0,False,18700,manager_04,,2025-10-29,2025-11-19,2025-12-16,,,,,BUILDPRO_EXPORT,In Progress
home_004736,Legacy Gate,Calgary,Rocky View County,Maple,SF-308,Single Family,5.0,4,1,2980,2,3,Finished,Flat,6200.0,False,49300,manager_12,2025-07-12,2025-06-01,2025-09-29,2025-11-23,,,,,BUILDPRO_EXPORT,In Progress
home_002841,Barefoot Lakes,Denver,Adams County,Cedar,TH-103,Townhome,3.0,3,0,1370,2,1,Unfinished,Corner,2550.0,True,4900,manager_03,,2025-07-13,2025-08-06,2025-08-27,,,,,BUILDPRO_EXPORT,In Progress
home_002838,Windermere,Edmonton,City of Edmonton,Dogwood,TH-104,Townhome,2.0,2,1,1250,2,1,None,Flat,2500.0,False,28300,manager_04,2025-05-15,2025-07-23,2025-08-10,2025-08-19,,,,,BUILDPRO_EXPORT,In Progress
home_004014,Aurora Highlands,Denver,Adams County,Katsura,SF-305,Single Family,4.0,4,0,2750,2,3,Finished,Flat,8300.0,False,25700,manager_15,2025-07-18,2025-05-10,2025-07-18,2025-08-12,,,,,BUILDPRO_EXPORT,In Progress
home_004513,Cranston Ridge,Calgary,City of Calgary,Hawthorn,SF-301,Single Family,3.0,2,0,1780,1,2,Finished,Flat,6350.0,False,22300,manager_12,2025-07-02,2025-07-14,2025-08-22,2025-10-15,,,,,BUILDPRO_EXPORT,In Progress
home_003481,Auburn Meadows,Calgary,City of Calgary,Fir,DX-202,Duplex,3.0,3,0,1670,2,2,Finished,Walkout,4000.0,False,27100,manager_16,,2025-08-19,2025-09-10,2025-09-15,,,,,BUILDPRO_EXPORT,In Progress
home_003741,Windermere,Edmonton,City of Edmonton,Birch,TH-102,Townhome,3.0,2,1,1330,2,1,None,Corner,2450.0,True,2700,manager_05,,2025-06-25,2025-07-22,2025-08-06,,,,,BUILDPRO_EXPORT,In Progress
home_000371,Riverbend,Calgary,City of Calgary,Ironwood,SF-303,Single Family,4.0,3,0,2020,2,2,Unfinished,Flat,5750.0,False,28200,manager_10,2025-07-27,2025-05-20,2025-07-29,2025-09-11,,,,,BUILDPRO_EXPORT,In Progress
home_002021,Auburn Meadows,Calgary,City of Calgary,Poplar,SF-306,Single Family,4.0,4,0,3000,2,2,Finished,Flat,5050.0,False,36500,manager_15,2025-10-20,2025-09-14,2025-11-12,2025-11-24,,,,,BUILDPRO_EXPORT,In Progress
home_002320,Mahogany Point,Calgary,Rocky View County,Dogwood,TH-104,Townhome,2.0,2,1,1140,2,1,None,Flat,2550.0,True,2800,manager_03,,2025-06-30,2025-08-06,2025-09-07,,,,,BUILDPRO_EXPORT,In Progress
home_001100,Cranston Ridge,Calgary,City of Calgary,Birch,TH-102,Townhome,3.0,2,1,1350,2,1,None,Flat,2000.0,False,85900,manager_10,2025-07-26,2025-09-21,2025-10-18,2025-10-31,,,,,BUILDPRO_EXPORT,In Progress
home_002994,Windermere,Edmonton,City of Edmonton,Ironwood,SF-303,Single Family,4.0,3,0,2110,2,2,Unfinished,Walkout,5300.0,True,3000,manager_14,,2025-07-15,2025-09-15,2025-10-16,,,,,BUILDPRO_EXPORT,In Progress
home_004169,Aurora Highlands,Denver,Adams County,Birch,TH-102,Townhome,3.0,2,1,1310,2,1,None,Flat,2600.0,False,19500,manager_13,2025-05-16,2025-05-15,2025-06-07,2025-08-04,,,,,BUILDPRO_EXPORT,In Progress
home_003721,Windermere,Edmonton,City of Edmonton,Birch,TH-102,Townhome,3.0,2,1,1370,2,1,None,Flat,2650.0,False,30900,manager_16,2025-10-13,2025-09-21,2025-10-22,2025-11-30,,,,,BUILDPRO_EXPORT,In Progress
home_002429,Aurora Highlands,Denver,Adams County,Elm,DX-201,Duplex,3.0,2,1,1590,2,2,None,Flat,3350.0,True,5200,manager_18,,2025-07-07,2025-08-18,2025-09-19,,,,,BUILDPRO_EXPORT,In Progress
home_002554,Aurora Highlands,Denver,Adams County,Cedar,TH-103,Townhome,3.0,3,0,1450,2,Single,None,Flat,2050.0,False,38400,manager_05,2025-05-23,2025-08-08,2025-09-20,2025-09-30,,,,,BUILDPRO_EXPORT,In Progress
home_004818,Auburn Meadows,Calgary,City of Calgary,Ginkgo,DX-203,Duplex,4.0,3,0,1760,2,2,None,Flat,4350.0,True,20300,manager_12,,2025-08-03,2025-08-30,2025-09-26,,,,,BUILDPRO_EXPORT,In Progress
home_000085,Sterling Ranch,Denver,Douglas County,Aspen,TH-101,Townhome,2.0,2,0,1260,2,1,None,Flat,2900.0,True,32900,manager_03,,2025-06-14,2025-07-09,2025-09-07,,,,,BUILDPRO_EXPORT,In Progress
home_004259,Laurel Green,Edmonton,City of Edmonton,Cedar,TH-103,Townhome,3.0,3,0,1450,2,1,None,Flat,2400.0,True,2600,manager_02,,2025-08-07,2025-08-29,2025-09-11,,,,,BUILDPRO_EXPORT,In Progress
home_002025,Mahogany Point ,Calgary,Rocky View County,Elm,DX-201,Duplex,3.0,2,1,1530,2,2,None,Flat,4450.0,False,42200,manager_17,2025-06-14,2025-07-03,2025-08-08,2025-10-02,,,,,BUILDPRO_EXPORT,In Progress
home_004147,Laurel Green,Edmonton,City of Edmonton,Elm,DX-201,Duplex,3.0,2,1,1550,2,2,Unfinished,Walkout,4250.0,False,53600,manager_01,,2025-05-07,2025-06-15,2025-08-04,,,,,BUILDPRO_EXPORT,In Progress
home_001812,Keswick Landing,Edmonton,Leduc County,Cedar,TH-103,Townhome,3.0,3,0,1410,2,1,None,Flat,2150.0,False,22700,manager_06,2025-11-19,2025-09-25,2025-12-23,2025-12-31,,,,,BUILDPRO_EXPORT,In Progress
home_004592,Keswick Landing,Edmonton,Leduc County,Dogwood,TH-104,Townhome,2.0,2,1,1350,2,1,None,Flat,1800.0,False,65000,manager_18,2025-06-20,2025-09-03,2025-09-26,2025-10-15,,,,,BUILDPRO_EXPORT,In Progress
home_000234,Glenridding,Edmonton,City of Edmonton,Birch,TH-102,Townhome,3.0,2,1,1390,2,1,None,Flat,2950.0,False,46600,manager_13,2025-05-14,2025-08-17,2025-09-12,2025-10-19,,,,,BUILDPRO_EXPORT,In Progress
home_000061,Glenridding,Edmonton,City of Edmonton,Juniper,SF-304,Single Family,4.0,3,1,2420,2,2,Finished,Corner,2450.0,False,50500,manager_13,2025-08-08,2025-07-03,2025-09-22,2025-10-05,,,,,BUILDPRO_EXPORT,In Progress
home_002883,Riverbend,Calgary,City of Calgary,Dogwood,TH-104,Townhome,2.0,2,1,1200,2,1,None,Corner,2250.0,False,16100,manager_01,,2025-07-31,2025-10-07,2025-11-29,,,,,BUILDPRO_EXPORT,In Progress
home_005121,Windermere,Edmonton,City of Edmonton,Ginkgo,DX-203,Duplex,4.0,3,0,1720,2,2,Unfinished,Flat,3750.0,False,30700,manager_18,2025-08-11,2025-10-18,2025-10-24,2025-11-19,,,,,BUILDPRO_EXPORT,In Progress
home_003517,Keswick Landing,Edmonton,Leduc County,Poplar,SF-306,Single Family,4.0,4,0,2850,2,2,Unfinished,Walkout,8650.0,False,70700,manager_04,2025-06-15,2025-05-12,2025-06-21,2025-08-04,,,,,BUILDPRO_EXPORT,In Progress
home_004998,Laurel Green,Edmonton,City of Edmonton,Dogwood,TH-104,Townhome,2.0,2,1,1240,2,1,Unfinished,Flat,2400.0,True,7300,manager_08,,2025-07-07,2025-08-20,2025-09-15,,,,,BUILDPRO_EXPORT,In Progress
home_001917,Barefoot Lakes,Denver,Adams County,Cedar,TH-103,Townhome,3.0,3,0,1430,2,1,None,Flat,2450.0,False,8000,manager_12,2025-04-26,2025-06-30,2025-07-14,2025-08-09,,,,,BUILDPRO_EXPORT,In Progress
home_004463,Sterling Ranch,Denver,Douglas County,Birch,TH-102,Townhome,3.0,2,1,1340,2,1,None,Flat,2950.0,False,54000,manager_05,2025-05-14,2025-06-06,2025-08-16,2025-10-08,,,,,BUILDPRO_EXPORT,In Progress
home_000762,Aurora Highlands,Denver,Adams County,Katsura,SF-305,Single Family,4.0,4,0,2580,2,3,Finished,Walkout,3900.0,False,98100,manager_06,2025-08-05,2025-06-28,2025-08-22,2025-10-19,,,,,BUILDPRO_EXPORT,In Progress
home_002453,Glenridding,Edmonton,City of Edmonton,Cedar,TH-103,Townhome,3.0,3,0,1510,2,1,None,Flat,2200.0,False,24900,manager_03,2025-06-21,2025-07-24,2025-08-13,2025-08-18,,,,,BUILDPRO_EXPORT,In Progress
home_002407,Sterling Ranch,Denver,Douglas County,Ginkgo,DX-203,Duplex,4.0,3,0,1850,2,2,Unfinished,Flat,3000.0,False,47000,manager_11,2025-08-21,2025-07-04,2025-11-26,2025-12-02,,,,,BUILDPRO_EXPORT,In Progress
home_003836,Keswick Landing,Edmonton,Leduc County,Cedar,TH-103,Townhome,3.0,3,0,1470,2,1,Unfinished,Flat,2500.0,False,28300,manager_08,,2025-07-19,2025-09-26,2025-10-05,,,,,BUILDPRO_EXPORT,In Progress
home_001244,Cranston Ridge,Calgary,City of Calgary,Katsura,SF-305,Single Family,4.0,4,0,2570,2,Triple,None,Flat,5350.0,False,12900,manager_16,2025-07-23,2025-08-21,2025-09-20,2025-11-12,,,,,BUILDPRO_EXPORT,In Progress
home_004415,Legacy Gate,Calgary,Rocky View County,Ginkgo,DX-203,Duplex,4.0,3,0,1750,2,2,None,Flat,4050.0,False,60000,manager_04,2025-08-20,2025-07-08,2025-07-16,2025-09-14,,,,,BUILDPRO_EXPORT,In Progress
home_003736,Glenridding,Edmonton,City of Edmonton,Aspen,TH-101,Townhome,2.0,2,0,1310,2,1,Unfinished,Corner,2300.0,True,8100,manager_02,,2025-07-03,2025-08-06,2025-08-14,,,,,BUILDPRO_EXPORT,In Progress
home_002153,Green Valley,Denver,City of Denver,Cedar,TH-103,Townhome,3.0,3,0,1500,2,1,None,Flat,2300.0,False,34600,manager_16,2025-07-31,2025-07-04,2025-09-19,2025-09-25,,,,,BUILDPRO_EXPORT,In Progress
home_001341,Green Valley,Denver,City of Denver,Dogwood,TH-104,Townhome,2.0,2,1,1290,2,1,None,Flat,2050.0,False,30200,manager_08,2025-06-17,2025-09-10,2025-09-25,2025-10-14,,,,,BUILDPRO_EXPORT,In Progress
home_001376,Green Valley,Denver,City of Denver,Hawthorn,SF-301,Single Family,3.0,2,0,1860,1,2,Unfinished,Flat,6600.0,False,17700,manager_18,,2025-06-12,2025-07-14,2025-08-01,,,,,BUILDPRO_EXPORT,In Progress
home_003190,Auburn Meadows,Calgary,City of Calgary,Birch,TH-102,Townhome,3.0,2,1,1270,2,1,None,Flat,2900.0,False,43800,manager_16,2025-05-28,2025-08-10,2025-10-19,2025-10-27,,,,,BUILDPRO_EXPORT,In Progress
home_000611,Green Valley,Denver,City of Denver,Birch,TH-102,Townhome,3.0,2,1,1330,2,1,None,Flat,2700.0,False,18400,manager_17,,2025-05-03,2025-08-16,2025-10-08,,,,,BUILDPRO_EXPORT,In Progress
home_004359,Barefoot Lakes ,Denver,Adams County,Ginkgo,DX-203,Duplex,4.0,3,0,1820,2,2,Unfinished,Flat,3850.0,False,48400,manager_16,2025-08-16,2025-07-22,2025-08-10,2025-10-08,,,,,BUILDPRO_EXPORT,In Progress
home_001082,Glenridding,Edmonton,City of Edmonton,Elm,DX-201,Duplex,3.0,2,1,1560,2,Double,None,Flat,3800.0,False,12800,manager_07,,2025-08-21,2025-09-24,2025-11-16,,,,,BUILDPRO_EXPORT,In Progress
home_002680,Windermere,Edmonton,City of Edmonton,Katsura,SF-305,Single Family,4.0,4,0,2740,2,3,Unfinished,Flat,2000.0,False,41300,manager_12,2025-07-16,2025-08-16,2025-09-21,2025-11-19,,,,,BUILDPRO_EXPORT,In Progress
home_001602,Sterling Ranch,Denver,Douglas County,Larch,SF-307,Single Family,5.0,4,0,2830,2,3,Finished,Flat,,False,55800,manager_06,,2025-06-05,2025-09-03,2025-11-02,,,,,BUILDPRO_EXPORT,In Progress
home_000142,Glenridding,Edmonton,City of Edmonton,Cedar,TH-103,Townhome,3.0,3,0,1380,2,1,Unfinished,Flat,2300.0,False,15000,manager_08,2025-07-15,2025-07-07,2025-08-14,2025-08-29,,,,,BUILDPRO_EXPORT,In Progress
home_002343,Riverbend,Calgary,City of Calgary,Oakmont,SF-302,Single Family,3.0,3,0,2200,1,3,Finished,Corner,5950.0,True,3300,manager_04,,2025-10-16,2025-12-02,2025-12-23,,,,,BUILDPRO_EXPORT,In Progress
home_005032,Windermere,Edmonton,City of Edmonton,Ginkgo,DX-203,Duplex,4.0,3,0,1780,2,2,None,Flat,3400.0,False,62000,manager_10,2025-08-27,2025-08-23,2025-09-24,2025-10-29,,,,,BUILDPRO_EXPORT,In Progress
home_004264,Legacy Gate,Calgary,Rocky View County,Cedar,TH-103,Townhome,3.0,3,0,1480,2,1,None,Flat,2700.0,False,38800,manager_09,2025-06-11,2025-01-18,2025-07-01,2025-08-13,,,,,BUILDPRO_EXPORT,In Progress
home_002247,Mahogany Point,Calgary,Rocky View County,Ginkgo,DX-203,Duplex,4.0,3,0,1710,2,2,Finished,Flat,3850.0,False,49800,manager_04,2025-06-17,2025-07-30,2025-09-30,2025-10-31,,,,,BUILDPRO_EXPORT,In Progress
home_003667,Laurel Green,Edmonton,City of Edmonton,Aspen,TH-101,Townhome,2.0,2,0,1220,2,1,None,Flat,2650.0,True,16500,manager_13,,2025-08-04,2025-09-22,2025-11-12,,,,,BUILDPRO_EXPORT,In Progress
home_005098,Auburn Meadows,Calgary,City of Calgary,Cedar,TH-103,Townhome,3.0,3,0,1320,2,1,None,Corner,2750.0,True,4400,manager_05,,2025-10-28,2025-12-11,2025-12-29,,,,,BUILDPRO_EXPORT,In Progress
home_003752,Laurel Green,Edmonton,City of Edmonton,Birch,TH-102,Townhome,3.0,2,1,1280,2,1,None,Corner,2400.0,False,43100,manager_12,2025-04-07,2025-07-05,2025-07-24,2025-09-03,,,,,BUILDPRO_EXPORT,In Progress
home_000880,Windermere,Edmonton,City of Edmonton,Birch,TH-102,Townhome,3.0,2,1,1320,2,1,None,Flat,2200.0,False,42600,manager_07,,2025-07-15,2025-08-01,2025-08-13,,,,,BUILDPRO_EXPORT,In Progress
home_003347,Green Valley,Denver,City of Denver,Ironwood,SF-303,Single Family,4.0,3,0,2210,2,2,Unfinished,Flat,5400.0,False,23800,manager_11,2025-07-03,2025-07-14,2025-08-11,2025-09-16,,,,,BUILDPRO_EXPORT,In Progress
home_001390,Mahogany Point,Calgary,Rocky View County,Elm,DX-201,Duplex,3.0,2,1,1420,2,2,None,Flat,3600.0,False,20400,manager_02,2025-09-11,2025-09-07,2025-10-16,2025-12-02,,,,,BUILDPRO_EXPORT,In Progress
home_002481,Aurora Highlands,Denver,Adams County,Dogwood,TH-104,Townhome,2.0,2,1,1260,2,1,Unfinished,Flat,2250.0,False,23000,manager_02,,2025-07-01,2025-07-07,2025-09-04,,,,,BUILDPRO_EXPORT,In Progress
home_002091, Wildgrass,Denver,Douglas County,Nyssa,SF-309,Single Family,5.0,5,0,3220,2,3,Unfinished,Walkout,5700.0,False,74100,manager_17,2025-09-15,2025-08-03,2025-08-28,2025-10-14,,,,,BUILDPRO_EXPORT,In Progress
home_001212,Legacy Gate,Calgary,Rocky View County,Ginkgo,DX-203,Duplex,4.0,3,0,1800,2,2,None,Corner,3450.0,False,20100,manager_10,2025-03-25,2025-06-28,2025-07-31,2025-08-22,,,,,BUILDPRO_EXPORT,In Progress
home_005064,Windermere,Edmonton,City of Edmonton,Cedar,TH-103,Townhome,3.0,3,0,1570,2,1,None,Flat,2850.0,False,31100,manager_18,2025-09-25,2025-10-10,2025-11-08,2025-12-05,,,,,BUILDPRO_EXPORT,In Progress
home_001651,Laurel Green,Edmonton,City of Edmonton,Dogwood,TH-104,Townhome,2.0,2,1,1220,2,Single,None,Flat,2500.0,True,3500,manager_08,,2025-10-03,2025-10-13,2025-11-08,,,,,BUILDPRO_EXPORT,In Progress
home_000115,Glenridding,Edmonton,City of Edmonton,Hawthorn,SF-301,Single Family,3.0,2,0,1900,1,2,Finished,Flat,4300.0,False,54700,manager_17,2025-09-02,2025-09-20,2025-11-08,2025-12-17,,,,,BUILDPRO_EXPORT,In Progress
home_000345,Wildgrass,Denver,Douglas County,Birch,TH-102,Townhome,3.0,2,1,1360,2,1,None,Flat,2400.0,True,9000,manager_10,,2025-07-20,2025-08-12,2025-08-17,,,,,BUILDPRO_EXPORT,In Progress
home_001165,Cranston Ridge,Calgary,City of Calgary,Aspen,TH-101,Townhome,2.0,2,0,1140,2,1,None,Flat,2450.0,False,37200,manager_11,2025-08-03,2025-06-16,2025-10-03,2025-10-27,,,,,BUILDPRO_EXPORT,In Progress
home_003663,Legacy Gate,Calgary,Rocky View County,Dogwood,TH-104,Townhome,2.0,2,1,1200,2,1,None,Flat,1800.0,False,11600,manager_16,2025-09-27,2025-08-24,2025-10-30,2025-12-06,,,,,BUILDPRO_EXPORT,In Progress
home_003450,Sterling Ranch,Denver,Douglas County,Birch,TH-102,Townhome,3.0,2,1,1250,2,1,None,Corner,2200.0,True,6000,manager_07,,2025-09-29,2025-11-09,2025-12-05,,,,,BUILDPRO_EXPORT,In Progress
home_003136,Green Valley,Denver,City of Denver,Larch,SF-307,Single Family,,4,0,3080,2,3,Finished,Flat,3450.0,True,5800,manager_14,,2025-10-20,2025-12-01,2025-12-31,,,,,BUILDPRO_EXPORT,In Progress
home_002619,Cranston Ridge,Calgary,City of Calgary,Birch,TH-102,Townhome,3.0,2,1,1360,2,1,None,Flat,2400.0,True,7300,manager_17,,2025-07-05,2025-08-01,2025-09-30,,,,,BUILDPRO_EXPORT,In Progress
home_004050,Green Valley,Denver,City of Denver,Dogwood,TH-104,Townhome,2.0,2,1,1200,2,1,Unfinished,Flat,2100.0,False,16400,manager_01,,2025-07-16,2025-09-04,2025-10-15,,,,,BUILDPRO_EXPORT,In Progress
home_002747,Windermere,Edmonton,City of Edmonton,Dogwood,TH-104,Townhome,2.0,2,1,1370,2,Single,None,Flat,3300.0,True,8700,manager_09,,2025-07-01,2025-08-07,2025-09-21,,,,,BUILDPRO_EXPORT,In Progress
home_004428,Riverbend,Calgary,City of Calgary,Nyssa,SF-309,Single Family,5.0,5,0,3320,2,3,Unfinished,Walkout,5750.0,False,10400,manager_13,2025-06-14,2025-07-28,2025-11-07,2025-11-20,,,,,BUILDPRO_EXPORT,In Progress
home_001294,Laurel Green,Edmonton,City of Edmonton,Aspen,TH-101,Townhome,2.0,2,0,1120,2,1,Unfinished,Flat,2500.0,False,20400,manager_18,2025-04-16,2025-08-13,2025-09-08,2025-09-23,,,,,BUILDPRO_EXPORT,In Progress
home_004404,Cranston Ridge,Calgary,City of Calgary,Dogwood,TH-104,Townhome,2.0,2,1,1210,2,1,None,Flat,2600.0,False,46800,manager_02,2025-07-05,2025-08-10,2025-09-25,2025-11-17,,,,,BUILDPRO_EXPORT,In Progress
home_002364,Sterling Ranch,Denver,Douglas County,Elm,DX-201,Duplex,3.0,2,1,1500,2,2,None,Flat,2900.0,True,9200,manager_08,,2025-07-23,2025-09-19,2025-11-01,,,,,BUILDPRO_EXPORT,In Progress
home_002736,Windermere,Edmonton,City of Edmonton,Maple,SF-308,Single Family,5.0,4,1,3270,2,3,Unfinished,Flat,5000.0,True,11400,manager_11,,2025-06-16,2025-10-01,2025-11-22,,,,,BUILDPRO_EXPORT,In Progress
home_001233,Riverbend,Calgary,City of Calgary,Aspen,TH-101,Townhome,2.0,2,0,1200,2,1,None,Flat,2200.0,False,24300,manager_02,2025-07-28,2025-08-26,2025-11-14,2025-12-02,,,,,BUILDPRO_EXPORT,In Progress
home_005143,Aurora Highlands,Denver,Adams County,Juniper,SF-304,Single Family,4.0,3,1,2280,2,2,Unfinished,Walkout,7850.0,True,10300,manager_06,,2025-05-25,2025-07-20,2025-09-05,,,,,BUILDPRO_EXPORT,In Progress
home_001097,Green Valley,Denver,City of Denver,Fir,DX-202,Duplex,3.0,3,0,1660,2,2,Unfinished,Flat,4250.0,False,34800,manager_01,2025-08-06,2025-10-30,2025-12-19,2025-12-25,,,,,BUILDPRO_EXPORT,In Progress
home_003164,Aurora Highlands,Denver,Adams County,Maple,SF-308,Single Family,5.0,4,1,3130,2,3,Finished,Walkout,7300.0,False,27000,manager_06,2025-08-22,2025-09-01,2025-09-20,2025-10-03,,,,,BUILDPRO_EXPORT,In Progress
home_004397,Laurel Green,Edmonton,City of Edmonton,Ginkgo,DX-203,Duplex,4.0,3,0,1810,2,2,Unfinished,Walkout,3750.0,True,8500,manager_18,,2025-06-19,2025-09-05,2025-10-17,,,,,BUILDPRO_EXPORT,In Progress
home_002482,Aurora Highlands,Denver,Adams County,Ginkgo,DX-203,Duplex,4.0,3,0,1890,2,2,None,Walkout,3750.0,False,20900,manager_15,2025-08-08,2025-10-03,2025-11-16,2025-12-20,,,,,BUILDPRO_EXPORT,In Progress
home_002842,Auburn Meadows,Calgary,City of Calgary,Juniper,SF-304,Single Family,4.0,3,1,2420,2,2,Unfinished,Flat,5050.0,False,48500,manager_05,2025-09-20,2025-08-21,2025-10-20,2025-11-01,,,,,BUILDPRO_EXPORT,In Progress
home_002642,Windermere,Edmonton,City of Edmonton,Dogwood,TH-104,Townhome,2.0,2,1,1280,2,1,Unfinished,Corner,2650.0,False,57300,manager_06,2025-06-22,2025-08-01,2025-08-21,2025-09-15,,,,,BUILDPRO_EXPORT,In Progress
home_003940,Legacy Gate,Calgary,Rocky View County,Cedar,TH-103,Townhome,3.0,3,0,1340,2,1,None,Corner,2400.0,False,53900,manager_17,,2025-06-28,2025-08-08,2025-08-25,,,,,BUILDPRO_EXPORT,In Progress
home_002659,Barefoot Lakes,Denver,Adams County,Aspen,TH-101,Townhome,2.0,2,0,1190,2,1,None,Flat,2500.0,False,27100,manager_18,2025-05-18,2025-08-10,2025-08-29,2025-09-29,,,,,BUILDPRO_EXPORT,In Progress
home_001453,Barefoot Lakes,Denver,Adams County,Fir,DX-202,Duplex,3.0,3,0,1670,2,Double,Unfinished,Flat,3650.0,False,64200,manager_09,,2025-09-18,2025-10-16,2025-11-04,,,,,BUILDPRO_EXPORT,In Progress
home_003493,Green Valley,Denver,City of Denver,Cedar,TH-103,Townhome,3.0,3,0,1460,2,1,None,Flat,2150.0,False,18500,manager_14,2025-08-04,2025-05-17,2025-09-02,2025-10-07,,,,,BUILDPRO_EXPORT,In Progress
home_000498,Wildgrass,Denver,Douglas County,Fir,DX-202,Duplex,3.0,3,0,1670,2,2,Unfinished,Flat,3750.0,True,1500,manager_08,,2025-08-23,2025-09-21,2025-10-24,,,,,BUILDPRO_EXPORT,In Progress
home_000388,Green Valley,Denver,City of Denver,Larch,SF-307,Single Family,5.0,4,0,2820,2,3,Unfinished,Flat,4100.0,False,40200,manager_06,2025-09-02,2025-07-12,2025-11-05,2025-12-08,,,,,BUILDPRO_EXPORT,In Progress
home_003654,Legacy Gate,Calgary,Rocky View County,Dogwood,TH-104,Townhome,2.0,2,1,1300,2,1,None,Flat,1800.0,False,13400,manager_03,2025-05-30,2025-05-22,2025-07-29,2025-08-22,,,,,BUILDPRO_EXPORT,In Progress
home_005178,Laurel Green,Edmonton,City of Edmonton,Nyssa,SF-309,Single Family,5.0,5,0,3490,2,3,Unfinished,Flat,5650.0,True,13300,manager_14,,2025-10-24,2025-11-08,2025-12-05,,,,,BUILDPRO_EXPORT,In Progress
home_001799,Sterling Ranch,Denver,Douglas County,Larch,SF-307,Single Family,5.0,4,0,2880,2,3,Unfinished,Corner,,False,18600,manager_05,,2025-09-09,2025-10-20,2025-11-30,,,,,BUILDPRO_EXPORT,In Progress
home_002798,Legacy Gate,Calgary,Rocky View County,Hawthorn,SF-301,Single Family,3.0,2,0,1890,1,2,Finished,Flat,4200.0,False,37900,manager_03,2025-06-19,2025-05-11,2025-08-03,2025-08-26,,,,,BUILDPRO_EXPORT,In Progress
home_005063,Legacy Gate,Calgary,Rocky View County,Ironwood,SF-303,Single Family,4.0,3,0,2130,2,2,Unfinished,Flat,6500.0,False,36200,manager_04,2025-07-13,2025-09-07,2025-11-07,2025-11-17,,,,,BUILDPRO_EXPORT,In Progress
home_005084,Laurel Green,Edmonton,City of Edmonton,Larch,SF-307,Single Family,5.0,4,0,2980,2,3,Unfinished,Walkout,5050.0,False,11600,manager_01,2025-08-27,2025-10-02,2025-11-23,2025-12-31,,,,,BUILDPRO_EXPORT,In Progress
home_004225,Riverbend,Calgary,City of Calgary,Cedar,TH-103,Townhome,3.0,3,0,1480,2,1,Unfinished,Flat,2850.0,False,68900,manager_09,2025-07-23,2025-07-21,2025-08-14,2025-09-21,,,,,BUILDPRO_EXPORT,In Progress
home_003602,Laurel Green,Edmonton,City of Edmonton,Larch,SF-307,Single Family,5.0,4,0,2920,2,3,Unfinished,Flat,6650.0,True,7900,manager_05,,2025-07-09,2025-08-06,2025-08-31,,,,,BUILDPRO_EXPORT,In Progress
home_005231,Cranston Ridge,Calgary,City of Calgary,Maple,SF-308,Single Family,5.0,4,1,3340,2,3,Unfinished,Corner,4900.0,True,5700,manager_14,,2025-07-30,2025-11-07,2025-12-08,,,,,BUILDPRO_EXPORT,In Progress
home_000078,Auburn Meadows ,Calgary,City of Calgary,Hawthorn,SF-301,Single Family,3.0,2,0,1790,1,2,None,Flat,3450.0,False,44400,manager_02,2025-08-05,2025-08-25,2025-10-04,2025-11-22,,,,,BUILDPRO_EXPORT,In Progress
home_001999,Green Valley,Denver,City of Denver,Juniper,SF-304,Single Family,4.0,3,1,2410,2,2,Unfinished,Walkout,8350.0,False,23800,manager_11,,2025-05-02,2025-06-21,2025-08-14,,,,,BUILDPRO_EXPORT,In Progress
home_000808,Riverbend,Calgary,City of Calgary,Juniper,SF-304,Single Family,4.0,3,1,2280,2,2,Unfinished,Flat,6500.0,False,33600,manager_07,2025-08-04,2025-10-03,2025-11-06,2025-12-18,,,,,BUILDPRO_EXPORT,In Progress
home_001107,Aurora Highlands,Denver,Adams County,Hawthorn,SF-301,Single Family,3.0,2,0,1690,1,2,Unfinished,Flat,5550.0,False,20200,manager_14,2025-04-20,2025-06-12,2025-07-28,2025-08-04,,,,,BUILDPRO_EXPORT,In Progress
home_002205,Mahogany Point,Calgary,Rocky View County,Elm,DX-201,Duplex,3.0,2,1,1580,2,2,Unfinished,Flat,3850.0,False,23400,manager_02,2025-03-14,2025-03-30,2025-07-09,2025-08-06,,,,,BUILDPRO_EXPORT,In Progress
home_000377,Green Valley,Denver,City of Denver,Dogwood,TH-104,Townhome,2.0,2,1,1340,2,1,Unfinished,Flat,2900.0,False,54600,manager_04,2025-09-02,2025-08-04,2025-09-16,2025-10-01,,,,,BUILDPRO_EXPORT,In Progress
home_003848,Wildgrass,Denver,Douglas County,Ironwood,SF-303,Single Family,4.0,3,0,2190,2,2,Unfinished,Flat,6800.0,False,19300,manager_07,2025-09-14,2025-10-03,2025-11-15,2025-12-08,,,,,BUILDPRO_EXPORT,In Progress
home_005070,Aurora Highlands,Denver,Adams County,Aspen,TH-101,Townhome,2.0,2,0,1200,2,1,None,Flat,1500.0,False,7300,manager_02,,2025-09-01,2025-10-08,2025-11-03,,,,,BUILDPRO_EXPORT,In Progress
home_001795,Laurel Green,Edmonton,City of Edmonton,Katsura,SF-305,Single Family,4.0,4,0,2740,2,3,Unfinished,Walkout,6750.0,False,18000,manager_01,2025-09-23,2025-09-02,2025-10-15,2025-12-08,,,,,BUILDPRO_EXPORT,In Progress
home_005133,Mahogany Point,Calgary,Rocky View County,Juniper,SF-304,Single Family,4.0,3,1,2410,2,Double,Finished,Flat,1850.0,False,54300,manager_12,2025-03-25,2025-06-19,2025-07-30,2025-08-31,,,,,BUILDPRO_EXPORT,In Progress
home_002959,Aurora Highlands,Denver,Adams County,Fir,DX-202,Duplex,3.0,3,0,1740,2,2,Unfinished,Flat,2800.0,True,14000,manager_09,,2025-10-17,2025-11-04,2025-11-23,,,,,BUILDPRO_EXPORT,In Progress
home_002975,Laurel Green,Edmonton,City of Edmonton,Dogwood,TH-104,Townhome,2.0,2,1,1180,2,1,None,Corner,,False,29800,manager_08,2025-09-20,2025-09-10,2025-10-01,2025-11-16,,,,,BUILDPRO_EXPORT,In Progress
home_004702,Auburn Meadows,Calgary,City of Calgary,Fir,DX-202,Duplex,3.0,3,0,1730,2,2,Unfinished,Flat,3900.0,False,22700,manager_03,2025-06-14,2025-06-29,2025-07-19,2025-09-09,,,,,BUILDPRO_EXPORT,In Progress
home_000026,Glenridding,Edmonton,City of Edmonton,Birch,TH-102,Townhome,3.0,2,1,1420,2,1,None,Flat,2900.0,True,4800,manager_18,,2025-06-30,2025-07-06,2025-08-06,,,,,BUILDPRO_EXPORT,In Progress
home_001805,Green Valley,Denver,City of Denver,Cedar,TH-103,Townhome,3.0,3,0,1480,2,1,None,Flat,2600.0,True,1700,manager_02,,2025-07-22,2025-09-07,2025-09-29,,,,,BUILDPRO_EXPORT,In Progress
home_002256,GREEN VALLEY,Denver,City of Denver,Aspen,TH-101,Townhome,2.0,2,0,1130,2,1,None,Flat,2250.0,True,2000,manager_17,,2025-07-22,2025-08-27,2025-09-26,,,,,BUILDPRO_EXPORT,In Progress
home_003240,Sterling Ranch,Denver,Douglas County,Ironwood,SF-303,Single Family,4.0,3,0,2060,2,2,Finished,Corner,4000.0,False,28000,manager_04,2025-07-07,2025-07-21,2025-08-05,2025-09-22,,,,,BUILDPRO_EXPORT,In Progress
home_002709,Barefoot Lakes,Denver,Adams County,Oakmont,SF-302,Single Family,3.0,3,0,2190,1,3,None,Flat,8200.0,False,22100,manager_07,2025-05-05,2025-09-03,2025-09-29,2025-10-04,,,,,BUILDPRO_EXPORT,In Progress
home_001944,Windermere,Edmonton,City of Edmonton,Nyssa,SF-309,Single Family,5.0,5,0,3550,2,Triple,Finished,Walkout,6700.0,False,15800,manager_12,2025-06-23,2025-09-11,2025-10-02,2025-10-21,,,,,BUILDPRO_EXPORT,In Progress
home_000506,Mahogany Point,Calgary,Rocky View County,Ginkgo,DX-203,Duplex,4.0,3,0,1800,2,2,Unfinished,Corner,3550.0,False,31100,manager_10,,2025-09-02,2025-09-26,2025-10-13,,,,,BUILDPRO_EXPORT,In Progress
home_002700,Mahogany Point,Calgary,Rocky View County,Fir,DX-202,Duplex,3.0,3,0,1690,2,2,Finished,Flat,3150.0,False,6900,manager_15,2025-04-11,2025-07-11,2025-07-29,2025-08-10,,,,,BUILDPRO_EXPORT,In Progress
home_003798,Windermere,Edmonton,City of Edmonton,Ironwood,SF-303,Single Family,,3,0,2110,2,2,Finished,Flat,4550.0,True,6900,manager_07,,2025-06-10,2025-07-30,2025-09-17,,,,,BUILDPRO_EXPORT,In Progress
home_001576,Aurora Highlands,Denver,Adams County,Birch,TH-102,Townhome,3.0,2,1,1450,2,1,None,Flat,2500.0,False,40800,manager_02,,2025-06-21,2025-07-26,2025-09-20,,,,,BUILDPRO_EXPORT,In Progress
home_004175,Wildgrass,Denver,Douglas County,Nyssa,SF-309,Single Family,5.0,5,0,3360,2,3,Unfinished,Flat,4050.0,True,1800,manager_18,,2025-06-22,2025-07-13,2025-08-30,,,,,BUILDPRO_EXPORT,In Progress
home_003394,Green Valley,Denver,City of Denver,Oakmont,SF-302,Single Family,,3,0,2250,1,Triple,Unfinished,Flat,5650.0,True,1600,manager_09,,2025-06-21,2025-08-01,2025-09-23,,,,,BUILDPRO_EXPORT,In Progress
home_001396,windermere,Edmonton,City of Edmonton,Aspen,TH-101,Townhome,2.0,2,0,1150,2,1,None,Corner,2500.0,False,13800,manager_02,2025-06-08,2025-07-10,2025-08-10,2025-09-25,,,,,BUILDPRO_EXPORT,In Progress
home_002876,Glenridding,Edmonton,City of Edmonton,Ginkgo,DX-203,Duplex,4.0,3,0,1760,2,2,None,Corner,4800.0,True,4500,manager_10,,2025-07-28,2025-08-07,2025-09-09,,,,,BUILDPRO_EXPORT,In Progress
home_003093,Wildgrass,Denver,Douglas County,Cedar,TH-103,Townhome,3.0,3,0,1370,2,1,None,Corner,2350.0,True,5500,manager_14,,2025-10-26,2025-11-16,2025-12-26,,,,,BUILDPRO_EXPORT,In Progress
home_001559,Mahogany Point,Calgary,Rocky View County,Cedar,TH-103,Townhome,3.0,3,0,1500,2,1,None,Flat,2950.0,True,5200,manager_17,,2025-06-30,2025-08-14,2025-09-13,,,,,BUILDPRO_EXPORT,In Progress
home_001257,Green Valley,Denver,City of Denver,Ironwood,SF-303,Single Family,4.0,3,0,1970,2,2,Unfinished,Walkout,5750.0,False,84400,manager_06,2025-05-25,2025-08-18,2025-09-06,2025-09-23,,,,,BUILDPRO_EXPORT,In Progress
home_004735,Keswick Landing,Edmonton,Leduc County,Birch,TH-102,Townhome,3.0,2,1,1250,2,1,None,Flat,2050.0,False,15600,manager_02,2025-06-09,2025-09-04,2025-10-24,2025-11-03,,,,,BUILDPRO_EXPORT,In Progress
home_004034,Riverbend,Calgary,City of Calgary,Poplar,SF-306,Single Family,4.0,4,0,2790,2,2,Unfinished,Flat,4150.0,False,22100,manager_17,2025-06-28,2025-07-06,2025-08-13,2025-09-17,,,,,BUILDPRO_EXPORT,In Progress
home_004817,Wildgrass,Denver,Douglas County,Juniper,SF-304,Single Family,4.0,3,1,2090,2,Double,None,Flat,3750.0,False,46100,manager_01,,2025-09-18,2025-11-03,2025-12-03,,,,,BUILDPRO_EXPORT,In Progress
home_002241,Auburn Meadows,Calgary,City of Calgary,Dogwood,TH-104,Townhome,2.0,2,1,1280,2,1,None,Corner,2900.0,False,23800,manager_02,2025-07-09,2025-06-08,2025-08-27,2025-09-10,,,,,BUILDPRO_EXPORT,In Progress
home_000848,Auburn Meadows,Calgary,City of Calgary,Birch,TH-102,Townhome,3.0,2,1,1300,2,1,Unfinished,Corner,2450.0,False,28100,manager_07,2025-09-14,2025-07-10,2025-10-02,2025-10-13,,,,,BUILDPRO_EXPORT,In Progress
home_004418,Wildgrass,Denver,Douglas County,Larch,SF-307,Single Family,5.0,4,0,2750,2,3,Unfinished,Walkout,6250.0,True,10600,manager_15,,2025-07-25,2025-10-13,2025-10-26,,,,,BUILDPRO_EXPORT,In Progress
home_002563,Cranston Ridge,Calgary,City of Calgary,Hawthorn,SF-301,Single Family,3.0,2,0,1820,1,2,Unfinished,Flat,4450.0,False,26500,manager_02,2025-10-13,2025-10-01,2025-11-04,2025-11-26,,,,,BUILDPRO_EXPORT,In Progress
home_005042,Auburn Meadows,Calgary,City of Calgary,Ironwood,SF-303,Single Family,4.0,3,0,2140,2,2,Unfinished,Flat,5500.0,True,2000,manager_14,,2025-10-25,2025-11-01,2025-11-09,,,,,BUILDPRO_EXPORT,In Progress
home_000236,Barefoot Lakes,Denver,Adams County,Ironwood,SF-303,Single Family,4.0,3,0,2080,2,2,Finished,Flat,5350.0,False,41300,manager_12,2025-07-19,2025-09-08,2025-10-05,2025-11-15,,,,,BUILDPRO_EXPORT,In Progress
home_003871,Glenridding,Edmonton,City of Edmonton,Ginkgo,DX-203,Duplex,4.0,3,0,1730,2,2,Unfinished,Flat,2400.0,False,23200,manager_16,2025-05-25,2025-04-30,2025-07-29,2025-09-08,,,,,BUILDPRO_EXPORT,In Progress
home_000705,Keswick Landing,Edmonton,Leduc County,Aspen,TH-101,Townhome,2.0,2,0,1180,2,1,None,Flat,2600.0,False,16900,manager_12,2025-04-22,2025-06-21,2025-07-22,2025-08-12,,,,,BUILDPRO_EXPORT,In Progress
home_003650,Windermere,Edmonton,City of Edmonton,Dogwood,TH-104,Townhome,2.0,2,1,1260,2,1,None,Flat,1900.0,False,49600,manager_05,2025-10-26,2025-09-07,2025-10-09,2025-11-20,,,,,BUILDPRO_EXPORT,In Progress
home_001057,Riverbend,Calgary,City of Calgary,Larch,SF-307,Single Family,5.0,4,0,2820,2,3,Finished,Walkout,4500.0,True,12400,manager_09,,2025-10-17,2025-10-26,2025-11-26,,,,,BUILDPRO_EXPORT,In Progress
home_004228,Barefoot Lakes,Denver,Adams County,Katsura,SF-305,Single Family,4.0,4,0,2560,2,3,Unfinished,Corner,8200.0,True,6100,manager_02,,2025-04-23,2025-07-31,2025-09-27,,,,,BUILDPRO_EXPORT,In Progress
home_003891,Mahogany Point,Calgary,Rocky View County,Larch,SF-307,Single Family,5.0,4,0,2780,2,3,None,Flat,6050.0,False,55000,manager_09,,2025-07-13,2025-08-03,2025-08-13,,,,,BUILDPRO_EXPORT,In Progress
home_002190,Mahogany Point,Calgary,Rocky View County,Aspen,TH-101,Townhome,2.0,2,0,1190,2,1,None,Flat,2250.0,False,31500,manager_18,2025-04-12,2025-03-03,2025-06-21,2025-08-15,,,,,BUILDPRO_EXPORT,In Progress
home_000684,Laurel Green,Edmonton,City of Edmonton,Ginkgo,DX-203,Duplex,4.0,3,0,1830,2,2,Unfinished,Flat,5300.0,False,7800,manager_18,,2025-09-12,2025-11-02,2025-12-26,,,,,BUILDPRO_EXPORT,In Progress
home_000035,Sterling Ranch,Denver,Douglas County,Dogwood,TH-104,Townhome,2.0,2,1,1290,2,1,None,Flat,2150.0,False,56100,manager_03,2025-09-14,2025-08-25,2025-10-22,2025-11-30,,,,,BUILDPRO_EXPORT,In Progress
home_000910,Cranston Ridge,Calgary,City of Calgary,Maple,SF-308,Single Family,5.0,4,1,3380,2,3,Finished,Flat,3950.0,False,73200,manager_12,2025-10-09,2025-09-27,2025-11-09,2025-11-26,,,,,BUILDPRO_EXPORT,In Progress
home_001041,Riverbend,Calgary,City of Calgary,Hawthorn,SF-301,Single Family,3.0,2,0,1870,1,2,Unfinished,Corner,5900.0,False,47800,manager_14,2025-07-30,2025-08-21,2025-09-10,2025-10-15,,,,,BUILDPRO_EXPORT,In Progress
home_001327,Cranston Ridge,Calgary,City of Calgary,Elm,DX-201,Duplex,3.0,2,1,1570,2,2,Unfinished,Flat,3750.0,False,26700,manager_09,2025-07-28,2025-08-20,2025-09-20,2025-10-07,,,,,BUILDPRO_EXPORT,In Progress
home_005126,LEGACY GATE,Calgary,Rocky View County,Birch,TH-102,Townhome,3.0,2,1,1360,2,1,None,Flat,,False,90000,manager_12,2025-07-23,2025-06-17,2025-09-10,2025-10-16,,,,,BUILDPRO_EXPORT,In Progress
home_001351,Aurora Highlands,Denver,Adams County,Ironwood,SF-303,Single Family,4.0,3,0,2070,2,2,None,Flat,6550.0,False,25200,manager_03,2025-06-15,2025-05-25,2025-06-30,2025-08-12,,,,,BUILDPRO_EXPORT,In Progress
home_002566,Aurora Highlands,Denver,Adams County,Aspen,TH-101,Townhome,2.0,2,0,1120,2,1,None,Flat,2100.0,False,25100,manager_16,2025-05-21,2025-09-13,2025-10-06,2025-10-19,,,,,BUILDPRO_EXPORT,In Progress
home_002733,Barefoot Lakes ,Denver,Adams County,Aspen,TH-101,Townhome,2.0,2,0,1240,2,1,Unfinished,Flat,2150.0,True,10400,manager_01,,2025-08-23,2025-09-27,2025-11-10,,,,,BUILDPRO_EXPORT,In Progress
home_000326,Legacy Gate,Calgary,Rocky View County,Juniper,SF-304,Single Family,4.0,3,1,2310,2,2,Finished,Flat,7800.0,False,37600,manager_14,2025-07-31,2025-06-25,2025-10-04,2025-10-18,,,,,BUILDPRO_EXPORT,In Progress
home_001847,Barefoot Lakes,Denver,Adams County,Cedar,TH-103,Townhome,3.0,3,0,1490,2,1,None,Flat,2700.0,True,30400,manager_17,,2025-07-06,2025-08-19,2025-10-11,,,,,BUILDPRO_EXPORT,In Progress
home_003742,Laurel Green,Edmonton,City of Edmonton,Ironwood,SF-303,Single Family,4.0,3,0,2080,2,2,Finished,Flat,4850.0,False,65200,manager_04,2025-04-09,2025-07-21,2025-08-27,2025-09-07,,,,,BUILDPRO_EXPORT,In Progress
home_002685,legacy gate,Calgary,Rocky View County,Birch,TH-102,Townhome,3.0,2,1,1260,2,1,None,Flat,1650.0,False,48400,manager_16,2025-05-25,2025-06-18,2025-08-11,2025-09-11,,,,,BUILDPRO_EXPORT,In Progress
home_000835,Legacy Gate,Calgary,Rocky View County,Ginkgo,DX-203,Duplex,4.0,3,0,1790,2,2,Unfinished,Flat,3900.0,False,18900,manager_11,,2025-07-03,2025-08-11,2025-09-02,,,,,BUILDPRO_EXPORT,In Progress
home_003974,Cranston Ridge,Calgary,City of Calgary,Hawthorn,SF-301,Single Family,3.0,2,0,1890,1,2,Finished,Flat,5950.0,True,3900,manager_04,,2025-07-28,2025-08-25,2025-10-21,,,,,BUILDPRO_EXPORT,In Progress
home_001544,Cranston Ridge,Calgary,City of Calgary,Ginkgo,DX-203,Duplex,4.0,3,0,1780,2,Double,Unfinished,Flat,3350.0,False,57500,manager_16,,2025-08-24,2025-09-25,2025-10-24,,,,,BUILDPRO_EXPORT,In Progress
home_004402,Green Valley,Denver,City of Denver,Cedar,TH-103,Townhome,,3,0,1500,2,1,None,Corner,1800.0,False,19200,manager_14,2025-08-26,2025-07-28,2025-10-03,2025-11-09,,,,,BUILDPRO_EXPORT,In Progress
home_003176,Auburn Meadows,Calgary,City of Calgary,Katsura,SF-305,Single Family,4.0,4,0,2630,2,3,Unfinished,Flat,5300.0,True,5300,manager_14,,2025-08-16,2025-09-15,2025-09-30,,,,,BUILDPRO_EXPORT,In Progress
home_000117,Barefoot Lakes,Denver,Adams County,Hawthorn,SF-301,Single Family,3.0,2,0,1880,1,2,Finished,Flat,5000.0,False,32700,manager_07,2025-07-20,2025-07-08,2025-08-12,2025-09-01,,,,,BUILDPRO_EXPORT,In Progress
home_000032,Mahogany Point,Calgary,Rocky View County,Aspen,TH-101,Townhome,2.0,2,0,1170,2,1,None,Flat,2300.0,True,15500,manager_05,,2025-09-03,2025-11-06,2025-12-17,,,,,BUILDPRO_EXPORT,In Progress
home_001183,Mahogany Point,Calgary,Rocky View County,Cedar,TH-103,Townhome,3.0,3,0,1440,2,1,None,Corner,1900.0,False,27800,manager_03,2025-05-16,2025-06-15,2025-06-28,2025-08-13,,,,,BUILDPRO_EXPORT,In Progress
home_002687,Keswick Landing,Edmonton,Leduc County,Hawthorn,SF-301,Single Family,3.0,2,0,2030,1,2,Finished,Corner,,True,5500,manager_02,,2025-05-31,2025-08-18,2025-09-25,,,,,BUILDPRO_EXPORT,In Progress
home_002415,Glenridding,Edmonton,City of Edmonton,Aspen,TH-101,Townhome,2.0,2,0,1170,2,1,Unfinished,Flat,2950.0,False,23400,manager_10,2025-06-20,2025-07-02,2025-07-08,2025-08-08,,,,,BUILDPRO_EXPORT,In Progress
home_004406,Riverbend,Calgary,City of Calgary,Aspen,TH-101,Townhome,2.0,2,0,1130,2,1,Unfinished,Flat,2750.0,True,10100,manager_16,,2025-09-03,2025-10-14,2025-11-12,,,,,BUILDPRO_EXPORT,In Progress
home_004561,Mahogany Point,Calgary,Rocky View County,Katsura,SF-305,Single Family,4.0,4,0,2700,2,3,Finished,Flat,8550.0,False,39600,manager_06,2025-05-23,2025-07-30,2025-08-08,2025-08-25,,,,,BUILDPRO_EXPORT,In Progress
home_001749,Windermere,Edmonton,City of Edmonton,Fir,DX-202,Duplex,3.0,3,0,1750,2,2,None,Flat,3200.0,False,28700,manager_13,,2025-08-09,2025-09-01,2025-09-08,,,,,BUILDPRO_EXPORT,In Progress
home_001415,Windermere,Edmonton,City of Edmonton,Dogwood,TH-104,Townhome,2.0,2,1,1280,2,1,None,Flat,1950.0,True,11800,manager_10,,2025-09-21,2025-11-03,2025-11-16,,,,,BUILDPRO_EXPORT,In Progress
home_002715,AUBURN MEADOWS,Calgary,City of Calgary,Poplar,SF-306,Single Family,4.0,4,0,2810,2,2,Finished,Flat,5400.0,False,23400,manager_07,2025-08-25,2025-07-14,2025-09-22,2025-10-13,,,,,BUILDPRO_EXPORT,In Progress
home_001756,Aurora Highlands,Denver,Adams County,Fir,DX-202,Duplex,3.0,3,0,1600,2,Double,None,Flat,3500.0,False,45300,manager_01,2025-07-28,2025-06-16,2025-08-18,2025-09-07,,,,,BUILDPRO_EXPORT,In Progress
home_002926,Glenridding,Edmonton,City of Edmonton,Cedar,TH-103,Townhome,3.0,3,0,1370,2,1,None,Flat,3000.0,True,8100,manager_15,,2025-05-26,2025-06-22,2025-08-11,,,,,BUILDPRO_EXPORT,In Progress
home_000579,Sterling Ranch,Denver,Douglas County,Oakmont,SF-302,Single Family,3.0,3,0,2290,1,3,Unfinished,Flat,8500.0,False,63200,manager_03,2025-10-18,2025-08-11,2025-10-22,2025-12-10,,,,,BUILDPRO_EXPORT,In Progress
home_003370,Auburn Meadows,Calgary,City of Calgary,Aspen,TH-101,Townhome,2.0,2,0,1170,2,1,None,Flat,2150.0,False,46600,manager_02,2025-05-21,2025-03-27,2025-07-08,2025-08-07,,,,,BUILDPRO_EXPORT,In Progress
home_002016,Auburn Meadows,Calgary,City of Calgary,Fir,DX-202,Duplex,3.0,3,0,1580,2,2,None,Walkout,3450.0,False,32200,manager_08,2025-10-12,2025-07-27,2025-11-20,2025-12-14,,,,,BUILDPRO_EXPORT,In Progress
home_002031,Aurora Highlands,Denver,Adams County,Oakmont,SF-302,Single Family,3.0,3,0,2150,1,3,Finished,Walkout,4500.0,True,3000,manager_03,,2025-07-01,2025-09-19,2025-09-28,,,,,BUILDPRO_EXPORT,In Progress
home_005132,Riverbend,Calgary,City of Calgary,Maple,SF-308,Single Family,5.0,4,1,3130,2,3,Unfinished,Flat,6350.0,False,27900,manager_15,2025-07-16,2025-07-06,2025-10-05,2025-12-01,,,,,BUILDPRO_EXPORT,In Progress
home_004338,Green Valley,Denver,City of Denver,Ironwood,SF-303,Single Family,4.0,3,0,2120,2,2,Finished,Walkout,5900.0,False,10400,manager_15,,2025-09-11,2025-10-12,2025-10-30,,,,,BUILDPRO_EXPORT,In Progress
home_004389,Windermere,Edmonton,City of Edmonton,Cedar,TH-103,Townhome,3.0,3,0,1380,2,1,None,Flat,2900.0,True,4700,manager_07,,2025-07-24,2025-08-22,2025-09-29,,,,,BUILDPRO_EXPORT,In Progress
home_002290,Auburn Meadows,Calgary,City of Calgary,Oakmont,SF-302,Single Family,3.0,3,0,2150,1,3,Unfinished,Flat,6000.0,False,32600,manager_03,2025-06-18,2025-06-26,2025-08-06,2025-08-27,,,,,BUILDPRO_EXPORT,In Progress
home_000439,CRANSTON RIDGE,Calgary,City of Calgary,Maple,SF-308,Single Family,5.0,4,1,3200,2,3,Unfinished,Corner,5550.0,False,26600,manager_11,,2025-05-12,2025-08-01,2025-09-13,,,,,BUILDPRO_EXPORT,In Progress
home_004995,Laurel Green,Edmonton,City of Edmonton,Nyssa,SF-309,Single Family,5.0,5,0,3260,2,3,Unfinished,Flat,5500.0,False,26900,manager_17,2025-09-10,2025-11-10,2025-11-29,2025-12-27,,,,,BUILDPRO_EXPORT,In Progress
home_000020,Legacy Gate,Calgary,Rocky View County,Elm,DX-201,Duplex,3.0,2,1,1530,2,2,None,Flat,3350.0,True,6000,manager_13,,2025-06-13,2025-09-12,2025-10-20,,,,,BUILDPRO_EXPORT,In Progress
home_003210,Sterling Ranch ,Denver,Douglas County,Cedar,TH-103,Townhome,3.0,3,0,1300,2,1,None,Flat,2700.0,False,37000,manager_08,2025-08-25,2025-10-12,2025-11-09,2025-11-23,,,,,BUILDPRO_EXPORT,In Progress
home_002674,Auburn Meadows,Calgary,City of Calgary,Hawthorn,SF-301,Single Family,3.0,2,0,1820,1,2,Unfinished,Flat,6600.0,False,8800,manager_11,2025-07-01,2025-10-26,2025-11-12,2025-12-12,,,,,BUILDPRO_EXPORT,In Progress
home_000800,Mahogany Point,Calgary,Rocky View County,Aspen,TH-101,Townhome,2.0,2,0,1220,2,1,None,Flat,2000.0,False,21000,manager_03,2025-05-19,2025-08-27,2025-09-29,2025-10-11,,,,,BUILDPRO_EXPORT,In Progress
home_003033,Windermere,Edmonton,City of Edmonton,Ironwood,SF-303,Single Family,4.0,3,0,2110,2,2,Unfinished,Flat,4900.0,False,26900,manager_02,2025-08-26,2025-07-06,2025-09-14,2025-10-29,,,,,BUILDPRO_EXPORT,In Progress
home_000681,Sterling Ranch,Denver,Douglas County,Juniper,SF-304,Single Family,4.0,3,1,2180,2,2,Unfinished,Flat,6000.0,False,46900,manager_13,2025-05-28,2025-08-09,2025-09-25,2025-11-03,,,,,BUILDPRO_EXPORT,In Progress
home_002953,Keswick Landing,Edmonton,Leduc County,Dogwood,TH-104,Townhome,2.0,2,1,1310,2,1,None,Flat,2800.0,False,19200,manager_02,2025-08-20,2025-09-10,2025-10-18,2025-11-10,,,,,BUILDPRO_EXPORT,In Progress
home_000502,Auburn Meadows,Calgary,City of Calgary,Juniper,SF-304,Single Family,4.0,3,1,2220,2,2,Unfinished,Walkout,2350.0,False,45600,manager_12,2025-08-01,2025-07-10,2025-09-18,2025-10-06,,,,,BUILDPRO_EXPORT,In Progress
home_000747,Glenridding,Edmonton,City of Edmonton,Larch,SF-307,Single Family,5.0,4,0,3120,2,3,Finished,Walkout,6000.0,True,3200,manager_16,,2025-07-27,2025-08-10,2025-08-21,,,,,BUILDPRO_EXPORT,In Progress
home_000496,Aurora Highlands,Denver,Adams County,Aspen,TH-101,Townhome,,2,0,1170,2,1,None,Corner,2600.0,False,9600,manager_17,2025-08-20,2025-07-10,2025-08-18,2025-09-23,,,,,BUILDPRO_EXPORT,In Progress
home_003197,Glenridding,Edmonton,City of Edmonton,Larch,SF-307,Single Family,5.0,4,0,2770,2,Triple,Finished,Walkout,,True,1500,manager_12,,2025-09-20,2025-11-07,2025-12-01,,,,,BUILDPRO_EXPORT,In Progress
home_003954,Wildgrass,Denver,Douglas County,Oakmont,SF-302,Single Family,3.0,3,0,2260,1,3,Unfinished,Flat,5600.0,True,1700,manager_03,,2025-03-06,2025-08-05,2025-09-10,,,,,BUILDPRO_EXPORT,In Progress
home_000367,Laurel Green,Edmonton,City of Edmonton,Larch,SF-307,Single Family,5.0,4,0,2550,2,3,Finished,Corner,2950.0,False,22200,manager_12,2025-07-06,2025-10-11,2025-10-31,2025-12-04,,,,,BUILDPRO_EXPORT,In Progress
home_003566,Riverbend,Calgary,City of Calgary,Maple,SF-308,Single Family,5.0,4,1,3020,2,Triple,Unfinished,Walkout,5100.0,False,21600,manager_03,2025-06-20,2025-08-21,2025-09-29,2025-11-27,,,,,BUILDPRO_EXPORT,In Progress
home_001774,Sterling Ranch,Denver,Douglas County,Juniper,SF-304,Single Family,4.0,3,1,2420,2,2,Unfinished,Flat,5350.0,False,98900,manager_03,2025-04-25,2025-05-08,2025-09-08,2025-09-24,,,,,BUILDPRO_EXPORT,In Progress
home_001798,Riverbend,Calgary,City of Calgary,Oakmont,SF-302,Single Family,3.0,3,0,2020,1,3,Finished,Flat,5100.0,False,19400,manager_02,2025-05-27,2025-08-15,2025-09-19,2025-10-19,,,,,BUILDPRO_EXPORT,In Progress
home_002379,Auburn Meadows,Calgary,City of Calgary,Katsura,SF-305,Single Family,4.0,4,0,2570,2,3,Unfinished,Flat,2200.0,False,49900,manager_02,2025-07-14,2025-07-08,2025-08-19,2025-10-14,,,,,BUILDPRO_EXPORT,In Progress
home_001510,Laurel Green,Edmonton,City of Edmonton,Fir,DX-202,Duplex,3.0,3,0,1660,2,2,Finished,Flat,3550.0,False,36400,manager_13,2025-08-05,2025-08-01,2025-08-13,2025-09-22,,,,,BUILDPRO_EXPORT,In Progress
home_001032,Barefoot Lakes,Denver,Adams County,Ironwood,SF-303,Single Family,4.0,3,0,2060,2,2,Unfinished,Flat,7400.0,False,22900,manager_07,2025-05-15,2025-06-04,2025-07-12,2025-09-02,,,,,BUILDPRO_EXPORT,In Progress
home_005019,Wildgrass,Denver,Douglas County,Dogwood,TH-104,Townhome,2.0,2,1,1310,2,1,None,Corner,2250.0,False,30500,manager_17,2025-07-31,2025-06-20,2025-07-30,2025-09-21,,,,,BUILDPRO_EXPORT,In Progress
home_003083,Legacy Gate,Calgary,Rocky View County,Juniper,SF-304,Single Family,4.0,3,1,2400,2,2,Finished,Flat,5300.0,False,5900,manager_16,2025-04-26,2025-05-23,2025-08-20,2025-09-14,,,,,BUILDPRO_EXPORT,In Progress
home_003634,Sterling Ranch,Denver,Douglas County,Oakmont,SF-302,Single Family,3.0,3,0,2050,1,3,None,Flat,4350.0,True,3100,manager_13,,2025-08-12,2025-09-14,2025-10-22,,,,,BUILDPRO_EXPORT,In Progress
home_003265,auburn meadows,Calgary,City of Calgary,Birch,TH-102,Townhome,3.0,2,1,1340,2,1,Unfinished,Flat,3100.0,True,5200,manager_13,,2025-06-23,2025-08-08,2025-08-13,,,,,BUILDPRO_EXPORT,In Progress
home_001085,Barefoot Lakes,Denver,Adams County,Birch,TH-102,Townhome,3.0,2,1,1270,2,1,Unfinished,Flat,2650.0,False,42800,manager_03,2025-10-01,2025-10-08,2025-10-26,2025-11-23,,,,,BUILDPRO_EXPORT,In Progress
home_000547,Cranston Ridge,Calgary,City of Calgary,Maple,SF-308,Single Family,5.0,4,1,3290,2,3,Unfinished,Walkout,3600.0,False,30000,manager_12,2025-06-06,2025-04-24,2025-06-23,2025-08-04,,,,,BUILDPRO_EXPORT,In Progress
home_004348,Sterling Ranch,Denver,Douglas County,Katsura,SF-305,Single Family,4.0,4,0,2610,2,3,Finished,Flat,4350.0,False,37200,manager_14,2025-07-31,2025-06-10,2025-08-04,2025-10-03,,,,,BUILDPRO_EXPORT,In Progress
home_003894,Riverbend,Calgary,City of Calgary,Aspen,TH-101,Townhome,2.0,2,0,1160,2,1,None,Corner,2500.0,False,29000,manager_08,2025-07-24,2025-07-25,2025-08-15,2025-08-22,,,,,BUILDPRO_EXPORT,In Progress
home_001797,Auburn Meadows,Calgary,City of Calgary,Cedar,TH-103,Townhome,3.0,3,0,1490,2,1,None,Flat,2000.0,True,700,manager_15,,2025-10-19,2025-11-15,2025-12-08,,,,,BUILDPRO_EXPORT,In Progress
home_001225,CRANSTON RIDGE,Calgary,City of Calgary,Aspen,TH-101,Townhome,2.0,2,0,1160,2,1,None,Flat,1800.0,False,45100,manager_02,2025-07-21,2025-09-24,2025-10-07,2025-11-09,,,,,BUILDPRO_EXPORT,In Progress
home_003476,Mahogany Point,Calgary,Rocky View County,Dogwood,TH-104,Townhome,2.0,2,1,1220,2,1,None,Corner,2150.0,False,25400,manager_02,2025-06-17,2025-09-29,2025-10-15,2025-11-19,,,,,BUILDPRO_EXPORT,In Progress
home_001485,Wildgrass,Denver,Douglas County,Cedar,TH-103,Townhome,3.0,3,0,1470,2,1,None,Flat,2450.0,False,13700,manager_18,,2025-06-07,2025-06-23,2025-08-19,,,,,BUILDPRO_EXPORT,In Progress
home_003144,Windermere,Edmonton,City of Edmonton,Ginkgo,DX-203,Duplex,4.0,3,0,1720,2,2,None,Walkout,3500.0,False,40600,manager_11,2025-06-19,2025-06-12,2025-08-09,2025-09-17,,,,,BUILDPRO_EXPORT,In Progress
home_001639,Windermere,Edmonton,City of Edmonton,Cedar,TH-103,Townhome,3.0,3,0,1450,2,1,None,Corner,2300.0,False,41000,manager_12,2025-10-27,2025-11-03,2025-12-04,2025-12-25,,,,,BUILDPRO_EXPORT,In Progress
home_003338,Aurora Highlands,Denver,Adams County,Hawthorn,SF-301,Single Family,3.0,2,0,1880,1,2,Unfinished,Walkout,5850.0,False,54800,manager_01,2025-06-05,2025-08-13,2025-09-18,2025-11-01,,,,,BUILDPRO_EXPORT,In Progress
home_001250,Keswick Landing,Edmonton,Leduc County,Maple,SF-308,Single Family,,4,1,3050,2,3,Unfinished,Flat,5300.0,False,6300,manager_12,2025-08-11,2025-06-11,2025-10-02,2025-10-27,,,,,BUILDPRO_EXPORT,In Progress
home_003717,Laurel Green,Edmonton,City of Edmonton,Birch,TH-102,Townhome,3.0,2,1,1340,2,1,None,Flat,2500.0,False,68800,manager_16,2025-10-27,2025-09-25,2025-11-13,2025-12-17,,,,,BUILDPRO_EXPORT,In Progress
home_000696,Keswick Landing,Edmonton,Leduc County,Katsura,SF-305,Single Family,4.0,4,0,2730,2,3,Unfinished,Flat,4650.0,False,33500,manager_12,2025-08-01,2025-10-11,2025-11-03,2025-11-10,,,,,BUILDPRO_EXPORT,In Progress
home_000596,Auburn Meadows,Calgary,City of Calgary,Poplar,SF-306,Single Family,4.0,4,0,2780,2,2,Finished,Flat,6850.0,False,12200,manager_17,2025-06-19,2025-08-16,2025-09-03,2025-09-21,,,,,BUILDPRO_EXPORT,In Progress
home_000769,Keswick Landing,Edmonton,Leduc County,Cedar,TH-103,Townhome,3.0,3,0,1370,2,1,None,Flat,2350.0,True,7700,manager_07,,2025-06-21,2025-09-28,2025-10-29,,,,,BUILDPRO_EXPORT,In Progress
home_001405,Mahogany Point,Calgary,Rocky View County,Larch,SF-307,Single Family,5.0,4,0,2750,2,3,Finished,Flat,6300.0,False,85400,manager_12,2025-07-04,2025-05-23,2025-09-15,2025-09-26,,,,,BUILDPRO_EXPORT,In Progress
home_003293,Legacy Gate,Calgary,Rocky View County,Oakmont,SF-302,Single Family,3.0,3,0,2260,1,Triple,Finished,Flat,6100.0,False,26500,manager_05,2025-09-30,2025-10-10,2025-11-09,2025-12-06,,,,,BUILDPRO_EXPORT,In Progress
home_001129,Windermere,Edmonton,City of Edmonton,Elm,DX-201,Duplex,3.0,2,1,1490,2,2,Unfinished,Flat,3750.0,False,13800,manager_18,,2025-10-18,2025-10-25,2025-12-17,,,,,BUILDPRO_EXPORT,In Progress
home_005161,Green Valley,Denver,City of Denver,Birch,TH-102,Townhome,3.0,2,1,1340,2,1,None,Flat,2100.0,False,37600,manager_01,2025-08-17,2025-05-05,2025-08-05,2025-09-23,,,,,BUILDPRO_EXPORT,In Progress
home_000576,Wildgrass,Denver,Douglas County,Fir,DX-202,Duplex,3.0,3,0,1720,2,2,None,Flat,3200.0,True,9400,manager_18,,2025-06-25,2025-08-01,2025-09-19,,,,,BUILDPRO_EXPORT,In Progress
